dog_name,session,table,trial,condition,recoding,original_code,same,Recoding_id
Kala2,1,1,1,absent,L,L,Match,FL
Kala2,1,1,2,looking_away,L,L,Match,FL
Kala2,1,1,3,looking_away,L,L,Match,FL
Kala2,1,1,4,present,R,R,Match,FL
Kala2,1,1,5,present,L,L,Match,FL
Kala2,1,1,6,back_turned,L,L,Match,FL
Kala2,1,1,7,looking_away,R,R,Match,FL
Kala2,1,1,8,back_turned,L,L,Match,FL
Kala2,1,1,9,back_turned,R,R,Match,FL
Kala2,1,1,10,absent,R,R,Match,FL
Kala2,1,1,11,looking_away,L,L,Match,FL
Kala2,1,1,12,absent,L,L,Match,FL
Kala2,1,1,13,present,L,L,Match,FL
Kala2,1,1,14,absent,L,L,Match,FL
Kala2,1,1,15,back_turned,R,R,Match,FL
Kala2,1,1,16,present,L,L,Match,FL
Kala2,1,1,17,present,R,R,Match,FL
Kala2,1,1,18,looking_away,L,L,Match,FL
Kala2,1,1,19,absent,L,L,Match,FL
Kala2,1,1,20,present,L,L,Match,FL
Kala2,1,1,21,back_turned,R,R,Match,FL
Kala2,1,1,22,absent,L,L,Match,FL
Kala2,1,1,23,back_turned,L,L,Match,FL
Kala2,1,1,24,looking_away,L,L,Match,FL
Blue6,1,5,1,back_turned,L,L,Match,FL
Blue6,1,5,2,looking_away,L,L,Match,FL
Blue6,1,5,3,looking_away,R,R,Match,FL
Blue6,1,5,4,back_turned,R,R,Match,FL
Blue6,1,5,5,looking_away,L,L,Match,FL
Blue6,1,5,6,absent,L,L,Match,FL
Blue6,1,5,7,present,L,L,Match,FL
Blue6,1,5,8,absent,L,L,Match,FL
Blue6,1,5,9,absent,L,L,Match,FL
Blue6,1,5,10,present,L,L,Match,FL
Blue6,1,5,11,looking_away,L,L,Match,FL
Blue6,1,5,12,back_turned,L,L,Match,FL
Blue6,1,5,13,back_turned,L,L,Match,FL
Blue6,1,5,14,present,L,L,Match,FL
Blue6,1,5,15,present,L,L,Match,FL
Blue6,1,5,16,looking_away,L,L,Match,FL
Blue6,1,5,17,absent,L,L,Match,FL
Blue6,1,5,18,back_turned,L,L,Match,FL
Blue6,1,5,19,absent,L,L,Match,FL
Blue6,1,5,20,looking_away,L,L,Match,FL
Blue6,1,5,21,absent,L,L,Match,FL
Blue6,1,5,22,back_turned,L,L,Match,FL
Blue6,1,5,23,present,L,L,Match,FL
Blue6,1,5,24,present,L,L,Match,FL
Betty3,1,6,1,looking_away,L,L,Match,FL
Betty3,1,6,2,back_turned,R,R,Match,FL
Betty3,1,6,3,back_turned,L,L,Match,FL
Betty3,1,6,4,looking_away,L,L,Match,FL
Betty3,1,6,5,absent,L,L,Match,FL
Betty3,1,6,6,absent,L,L,Match,FL
Betty3,1,6,7,back_turned,L,L,Match,FL
Betty3,1,6,8,absent,L,L,Match,FL
Betty3,1,6,9,present,L,L,Match,FL
Betty3,1,6,10,absent,L,L,Match,FL
Betty3,1,6,11,back_turned,L,L,Match,FL
Betty3,1,6,12,back_turned,L,L,Match,FL
Betty3,1,6,13,absent,L,L,Match,FL
Betty3,1,6,14,present,L,L,Match,FL
Betty3,1,6,15,back_turned,L,L,Match,FL
Betty3,1,6,16,looking_away,L,L,Match,FL
Betty3,1,6,17,present,L,L,Match,FL
Betty3,1,6,18,absent,R,R,Match,FL
Betty3,1,6,19,present,L,L,Match,FL
Betty3,1,6,20,looking_away,L,L,Match,FL
Betty3,1,6,21,present,L,L,Match,FL
Betty3,1,6,22,looking_away,L,L,Match,FL
Betty3,1,6,23,present,L,L,Match,FL
Betty3,1,6,24,looking_away,L,L,Match,FL
Nuala2,1,5,1,back_turned,R,R,Match,FL
Nuala2,1,5,2,looking_away,R,R,Match,FL
Nuala2,1,5,3,looking_away,L,L,Match,FL
Nuala2,1,5,4,back_turned,R,R,Match,FL
Nuala2,1,5,5,looking_away,L,L,Match,FL
Nuala2,1,5,6,absent,R,R,Match,FL
Nuala2,1,5,7,present,R,R,Match,FL
Nuala2,1,5,8,absent,R,R,Match,FL
Nuala2,1,5,9,absent,L,L,Match,FL
Nuala2,1,5,10,present,R,R,Match,FL
Nuala2,1,5,11,looking_away,R,R,Match,FL
Nuala2,1,5,12,back_turned,R,R,Match,FL
Nuala2,1,5,13,back_turned,L,L,Match,FL
Nuala2,1,5,14,present,R,R,Match,FL
Nuala2,1,5,15,present,R,R,Match,FL
Nuala2,1,5,16,looking_away,L,L,Match,FL
Nuala2,1,5,17,absent,R,R,Match,FL
Nuala2,1,5,18,back_turned,R,R,Match,FL
Nuala2,1,5,19,absent,L,L,Match,FL
Nuala2,1,5,20,looking_away,R,R,Match,FL
Nuala2,1,5,21,absent,R,R,Match,FL
Nuala2,1,5,22,back_turned,L,L,Match,FL
Nuala2,1,5,23,present,R,R,Match,FL
Nuala2,1,5,24,present,R,R,Match,FL
Chilli7,1,4,1,back_turned,R,R,Match,FL
Chilli7,1,4,2,back_turned,R,R,Match,FL
Chilli7,1,4,3,absent,L,L,Match,FL
Chilli7,1,4,4,absent,L,L,Match,FL
Chilli7,1,4,5,present,R,R,Match,FL
Chilli7,1,4,6,present,R,R,Match,FL
Chilli7,1,4,7,looking_away,L,L,Match,FL
Chilli7,1,4,8,back_turned,L,L,Match,FL
Chilli7,1,4,9,present,R,R,Match,FL
Chilli7,1,4,10,present,R,R,Match,FL
Chilli7,1,4,11,absent,R,R,Match,FL
Chilli7,1,4,12,looking_away,R,R,Match,FL
Chilli7,1,4,13,absent,R,R,Match,FL
Chilli7,1,4,14,present,R,R,Match,FL
Chilli7,1,4,15,looking_away,R,R,Match,FL
Chilli7,1,4,16,looking_away,L,L,Match,FL
Chilli7,1,4,17,absent,L,L,Match,FL
Chilli7,1,4,18,back_turned,R,R,Match,FL
Chilli7,1,4,19,absent,L,L,Match,FL
Chilli7,1,4,20,looking_away,L,L,Match,FL
Chilli7,1,4,21,looking_away,L,L,Match,FL
Chilli7,1,4,22,present,R,R,Match,FL
Chilli7,1,4,23,back_turned,R,R,Match,FL
Chilli7,1,4,24,back_turned,L,L,Match,FL
Bo,1,5,1,back_turned,R,R,Match,FL
Bo,1,5,2,looking_away,R,R,Match,FL
Bo,1,5,3,looking_away,R,R,Match,FL
Bo,1,5,4,back_turned,R,R,Match,FL
Bo,1,5,5,looking_away,L,L,Match,FL
Bo,1,5,6,absent,L,L,Match,FL
Bo,1,5,7,present,R,R,Match,FL
Bo,1,5,8,absent,L,L,Match,FL
Bo,1,5,9,absent,R,R,Match,FL
Bo,1,5,10,present,L,L,Match,FL
Bo,1,5,11,looking_away,L,L,Match,FL
Bo,1,5,12,back_turned,R,R,Match,FL
Bo,1,5,13,back_turned,L,L,Match,FL
Bo,1,5,14,present,R,R,Match,FL
Bo,1,5,15,present,L,L,Match,FL
Bo,1,5,16,looking_away,R,R,Match,FL
Bo,1,5,17,absent,R,R,Match,FL
Bo,1,5,18,back_turned,R,R,Match,FL
Bo,1,5,19,absent,R,R,Match,FL
Bo,1,5,20,looking_away,L,L,Match,FL
Bo,1,5,21,absent,R,R,Match,FL
Bo,1,5,22,back_turned,R,R,Match,FL
Bo,1,5,23,present,R,R,Match,FL
Bo,1,5,24,present,R,R,Match,FL
Satchmo,1,5,1,back_turned,L,L,Match,FL
Satchmo,1,5,2,looking_away,L,L,Match,FL
Satchmo,1,5,3,looking_away,R,R,Match,FL
Satchmo,1,5,4,back_turned,R,R,Match,FL
Satchmo,1,5,5,looking_away,R,R,Match,FL
Satchmo,1,5,6,absent,L,L,Match,FL
Satchmo,1,5,7,present,L,L,Match,FL
Satchmo,1,5,8,absent,R,R,Match,FL
Satchmo,1,5,9,absent,R,R,Match,FL
Satchmo,1,5,10,present,R,R,Match,FL
Satchmo,1,5,11,looking_away,L,L,Match,FL
Satchmo,1,5,12,back_turned,R,R,Match,FL
Satchmo,1,5,13,back_turned,L,L,Match,FL
Satchmo,1,5,14,present,L,L,Match,FL
Satchmo,1,5,15,present,R,R,Match,FL
Satchmo,1,5,16,looking_away,L,L,Match,FL
Satchmo,1,5,17,absent,R,R,Match,FL
Satchmo,1,5,18,back_turned,L,L,Match,FL
Satchmo,1,5,19,absent,R,R,Match,FL
Satchmo,1,5,20,looking_away,R,R,Match,FL
Satchmo,1,5,21,absent,R,R,Match,FL
Satchmo,1,5,22,back_turned,R,R,Match,FL
Satchmo,1,5,23,present,R,R,Match,FL
Satchmo,1,5,24,present,L,L,Match,FL
Fini2,1,12,1,back_turned,L,L,Match,FL
Fini2,1,12,2,present,R,R,Match,FL
Fini2,1,12,3,present,L,L,Match,FL
Fini2,1,12,4,absent,R,R,Match,FL
Fini2,1,12,5,present,R,R,Match,FL
Fini2,1,12,6,back_turned,L,L,Match,FL
Fini2,1,12,7,absent,L,L,Match,FL
Fini2,1,12,8,looking_away,R,R,Match,FL
Fini2,1,12,9,back_turned,L,L,Match,FL
Fini2,1,12,10,present,L,L,Match,FL
Fini2,1,12,11,absent,R,R,Match,FL
Fini2,1,12,12,looking_away,R,R,Match,FL
Fini2,1,12,13,present,R,R,Match,FL
Fini2,1,12,14,looking_away,R,R,Match,FL
Fini2,1,12,15,absent,R,R,Match,FL
Fini2,1,12,16,absent,L,L,Match,FL
Fini2,1,12,17,looking_away,L,L,Match,FL
Fini2,1,12,18,absent,R,R,Match,FL
Fini2,1,12,19,back_turned,L,L,Match,FL
Fini2,1,12,20,back_turned,R,R,Match,FL
Fini2,1,12,21,looking_away,R,R,Match,FL
Fini2,1,12,22,back_turned,R,R,Match,FL
Fini2,1,12,23,looking_away,R,R,Match,FL
Fini2,1,12,24,present,R,R,Match,FL
Asha,1,13,1,looking_away,R,R,Match,FL
Asha,1,13,2,present,L,L,Match,FL
Asha,1,13,3,back_turned,L,L,Match,FL
Asha,1,13,4,back_turned,L,L,Match,FL
Asha,1,13,5,present,R,R,Match,FL
Asha,1,13,6,looking_away,R,R,Match,FL
Asha,1,13,7,absent,L,L,Match,FL
Asha,1,13,8,looking_away,L,L,Match,FL
Asha,1,13,9,looking_away,L,L,Match,FL
Asha,1,13,10,present,R,R,Match,FL
Asha,1,13,11,present,L,L,Match,FL
Asha,1,13,12,absent,R,R,Match,FL
Asha,1,13,13,back_turned,R,R,Match,FL
Asha,1,13,14,looking_away,R,R,Match,FL
Asha,1,13,15,absent,R,R,Match,FL
Asha,1,13,16,back_turned,L,L,Match,FL
Asha,1,13,17,looking_away,L,L,Match,FL
Asha,1,13,18,present,R,R,Match,FL
Asha,1,13,19,back_turned,R,R,Match,FL
Asha,1,13,20,back_turned,R,R,Match,FL
Asha,1,13,21,absent,R,R,Match,FL
Asha,1,13,22,absent,R,R,Match,FL
Asha,1,13,23,present,R,R,Match,FL
Asha,1,13,24,absent,R,R,Match,FL
Louie3,1,12,1,back_turned,R,R,Match,FL
Louie3,1,12,2,present,L,L,Match,FL
Louie3,1,12,3,present,L,L,Match,FL
Louie3,1,12,4,absent,L,L,Match,FL
Louie3,1,12,5,present,R,R,Match,FL
Louie3,1,12,6,back_turned,L,L,Match,FL
Louie3,1,12,7,absent,L,L,Match,FL
Louie3,1,12,8,looking_away,L,L,Match,FL
Louie3,1,12,9,back_turned,L,L,Match,FL
Louie3,1,12,10,present,L,L,Match,FL
Louie3,1,12,11,absent,R,R,Match,FL
Louie3,1,12,12,looking_away,L,L,Match,FL
Louie3,1,12,13,present,L,L,Match,FL
Louie3,1,12,14,looking_away,L,L,Match,FL
Louie3,1,12,15,absent,L,L,Match,FL
Louie3,1,12,16,absent,L,L,Match,FL
Louie3,1,12,17,looking_away,L,L,Match,FL
Louie3,1,12,18,absent,R,R,Match,FL
Louie3,1,12,19,back_turned,R,R,Match,FL
Louie3,1,12,20,back_turned,L,L,Match,FL
Louie3,1,12,21,looking_away,L,L,Match,FL
Louie3,1,12,22,back_turned,R,R,Match,FL
Louie3,1,12,23,looking_away,R,R,Match,FL
Louie3,1,12,24,present,R,R,Match,FL
Pepper5,1,14,1,looking_away,L,L,Match,FL
Pepper5,1,14,2,absent,L,L,Match,FL
Pepper5,1,14,3,present,L,L,Match,FL
Pepper5,1,14,4,present,L,L,Match,FL
Pepper5,1,14,5,back_turned,R,R,Match,FL
Pepper5,1,14,6,back_turned,R,R,Match,FL
Pepper5,1,14,7,present,L,L,Match,FL
Pepper5,1,14,8,present,R,R,Match,FL
Pepper5,1,14,9,looking_away,R,R,Match,FL
Pepper5,1,14,10,looking_away,L,L,Match,FL
Pepper5,1,14,11,present,L,L,Match,FL
Pepper5,1,14,12,absent,L,L,Match,FL
Pepper5,1,14,13,looking_away,L,L,Match,FL
Pepper5,1,14,14,absent,L,L,Match,FL
Pepper5,1,14,15,present,R,R,Match,FL
Pepper5,1,14,16,back_turned,L,L,Match,FL
Pepper5,1,14,17,back_turned,L,L,Match,FL
Pepper5,1,14,18,looking_away,L,L,Match,FL
Pepper5,1,14,19,back_turned,L,L,Match,FL
Pepper5,1,14,20,absent,L,L,Match,FL
Pepper5,1,14,21,absent,L,L,Match,FL
Pepper5,1,14,22,back_turned,L,L,Match,FL
Pepper5,1,14,23,absent,L,L,Match,FL
Pepper5,1,14,24,looking_away,R,R,Match,FL
Fleeti,1,15,1,present,L,L,Match,FL
Fleeti,1,15,2,absent,R,R,Match,FL
Fleeti,1,15,3,absent,L,L,Match,FL
Fleeti,1,15,4,present,L,L,Match,FL
Fleeti,1,15,5,looking_away,R,R,Match,FL
Fleeti,1,15,6,looking_away,L,L,Match,FL
Fleeti,1,15,7,back_turned,L,L,Match,FL
Fleeti,1,15,8,present,L,L,Match,FL
Fleeti,1,15,9,back_turned,L,L,Match,FL
Fleeti,1,15,10,looking_away,L,L,Match,FL
Fleeti,1,15,11,present,R,R,Match,FL
Fleeti,1,15,12,back_turned,L,L,Match,FL
Fleeti,1,15,13,present,L,L,Match,FL
Fleeti,1,15,14,looking_away,R,R,Match,FL
Fleeti,1,15,15,back_turned,L,L,Match,FL
Fleeti,1,15,16,absent,L,L,Match,FL
Fleeti,1,15,17,present,L,L,Match,FL
Fleeti,1,15,18,absent,L,L,Match,FL
Fleeti,1,15,19,looking_away,L,L,Match,FL
Fleeti,1,15,20,absent,L,L,Match,FL
Fleeti,1,15,21,looking_away,L,L,Match,FL
Fleeti,1,15,22,back_turned,R,R,Match,FL
Fleeti,1,15,23,absent,L,L,Match,FL
Fleeti,1,15,24,back_turned,L,L,Match,FL
Puck2,1,17,1,back_turned,L,L,Match,FL
Puck2,1,17,2,absent,L,L,Match,FL
Puck2,1,17,3,present,R,R,Match,FL
Puck2,1,17,4,looking_away,L,L,Match,FL
Puck2,1,17,5,looking_away,R,R,Match,FL
Puck2,1,17,6,back_turned,L,L,Match,FL
Puck2,1,17,7,present,R,R,Match,FL
Puck2,1,17,8,back_turned,L,L,Match,FL
Puck2,1,17,9,looking_away,R,R,Match,FL
Puck2,1,17,10,back_turned,R,R,Match,FL
Puck2,1,17,11,back_turned,R,R,Match,FL
Puck2,1,17,12,looking_away,L,L,Match,FL
Puck2,1,17,13,looking_away,L,L,Match,FL
Puck2,1,17,14,absent,L,L,Match,FL
Puck2,1,17,15,present,R,R,Match,FL
Puck2,1,17,16,absent,L,L,Match,FL
Puck2,1,17,17,back_turned,L,L,Match,FL
Puck2,1,17,18,present,R,R,Match,FL
Puck2,1,17,19,present,R,R,Match,FL
Puck2,1,17,20,looking_away,L,L,Match,FL
Puck2,1,17,21,absent,L,L,Match,FL
Puck2,1,17,22,present,L,L,Match,FL
Puck2,1,17,23,absent,R,R,Match,FL
Puck2,1,17,24,absent,R,R,Match,FL
Riu,1,13,1,looking_away,R,R,Match,FL
Riu,1,13,2,present,R,R,Match,FL
Riu,1,13,3,back_turned,R,R,Match,FL
Riu,1,13,4,back_turned,R,R,Match,FL
Riu,1,13,5,present,R,R,Match,FL
Riu,1,13,6,looking_away,R,R,Match,FL
Riu,1,13,7,absent,R,R,Match,FL
Riu,1,13,8,looking_away,R,R,Match,FL
Riu,1,13,9,looking_away,L,L,Match,FL
Riu,1,13,10,present,R,R,Match,FL
Riu,1,13,11,present,L,L,Match,FL
Riu,1,13,12,absent,R,R,Match,FL
Riu,1,13,13,back_turned,L,L,Match,FL
Riu,1,13,14,looking_away,L,L,Match,FL
Riu,1,13,15,absent,R,R,Match,FL
Riu,1,13,16,back_turned,L,L,Match,FL
Riu,1,13,17,looking_away,L,L,Match,FL
Riu,1,13,18,present,R,R,Match,FL
Riu,1,13,19,back_turned,L,L,Match,FL
Riu,1,13,20,back_turned,R,R,Match,FL
Riu,1,13,21,absent,R,R,Match,FL
Riu,1,13,22,absent,L,L,Match,FL
Riu,1,13,23,present,R,R,Match,FL
Riu,1,13,24,absent,R,R,Match,FL
Bookie,1,8,1,present,R,L,No Match,FL
Bookie,1,8,2,absent,R,R,Match,FL
Bookie,1,8,3,back_turned,L,L,Match,FL
Bookie,1,8,4,looking_away,L,L,Match,FL
Bookie,1,8,5,back_turned,R,R,Match,FL
Bookie,1,8,6,absent,R,R,Match,FL
Bookie,1,8,7,back_turned,L,L,Match,FL
Bookie,1,8,8,looking_away,L,L,Match,FL
Bookie,1,8,9,looking_away,R,R,Match,FL
Bookie,1,8,10,back_turned,L,L,Match,FL
Bookie,1,8,11,absent,R,R,Match,FL
Bookie,1,8,12,present,L,L,Match,FL
Bookie,1,8,13,looking_away,L,L,Match,FL
Bookie,1,8,14,back_turned,R,R,Match,FL
Bookie,1,8,15,looking_away,L,L,Match,FL
Bookie,1,8,16,absent,L,L,Match,FL
Bookie,1,8,17,present,R,R,Match,FL
Bookie,1,8,18,looking_away,R,R,Match,FL
Bookie,1,8,19,absent,R,R,Match,FL
Bookie,1,8,20,back_turned,R,R,Match,FL
Bookie,1,8,21,present,L,L,Match,FL
Bookie,1,8,22,present,L,L,Match,FL
Bookie,1,8,23,absent,R,R,Match,FL
Bookie,1,8,24,present,R,R,Match,FL
Lieserl,1,12,1,back_turned,L,L,Match,FL
Lieserl,1,12,2,present,R,R,Match,FL
Lieserl,1,12,3,present,R,R,Match,FL
Lieserl,1,12,4,absent,R,R,Match,FL
Lieserl,1,12,5,present,R,R,Match,FL
Lieserl,1,12,6,back_turned,R,R,Match,FL
Lieserl,1,12,7,absent,L,L,Match,FL
Lieserl,1,12,8,looking_away,L,L,Match,FL
Lieserl,1,12,9,back_turned,L,L,Match,FL
Lieserl,1,12,10,present,L,L,Match,FL
Lieserl,1,12,11,absent,R,R,Match,FL
Lieserl,1,12,12,looking_away,L,L,Match,FL
Lieserl,1,12,13,present,L,L,Match,FL
Lieserl,1,12,14,looking_away,L,L,Match,FL
Lieserl,1,12,15,absent,L,L,Match,FL
Lieserl,1,12,16,absent,R,R,Match,FL
Lieserl,1,12,17,looking_away,L,L,Match,FL
Lieserl,1,12,18,absent,R,R,Match,FL
Lieserl,1,12,19,back_turned,R,R,Match,FL
Lieserl,1,12,20,back_turned,L,L,Match,FL
Lieserl,1,12,21,looking_away,L,L,Match,FL
Lieserl,1,12,22,back_turned,R,R,Match,FL
Lieserl,1,12,23,looking_away,R,R,Match,FL
Lieserl,1,12,24,present,L,L,Match,FL
Woody2,1,17,1,back_turned,L,L,Match,FL
Woody2,1,17,2,absent,L,L,Match,FL
Woody2,1,17,3,present,L,L,Match,FL
Woody2,1,17,4,looking_away,L,L,Match,FL
Woody2,1,17,5,looking_away,L,L,Match,FL
Woody2,1,17,6,back_turned,L,L,Match,FL
Woody2,1,17,7,present,R,R,Match,FL
Woody2,1,17,8,back_turned,R,R,Match,FL
Woody2,1,17,9,looking_away,L,L,Match,FL
Woody2,1,17,10,back_turned,R,R,Match,FL
Woody2,1,17,11,back_turned,R,R,Match,FL
Woody2,1,17,12,looking_away,L,L,Match,FL
Woody2,1,17,13,looking_away,L,L,Match,FL
Woody2,1,17,14,absent,R,R,Match,FL
Woody2,1,17,15,present,L,L,Match,FL
Woody2,1,17,16,absent,L,L,Match,FL
Woody2,1,17,17,back_turned,L,L,Match,FL
Woody2,1,17,18,present,R,R,Match,FL
Woody2,1,17,19,present,R,R,Match,FL
Woody2,1,17,20,looking_away,L,L,Match,FL
Woody2,1,17,21,absent,R,R,Match,FL
Woody2,1,17,22,present,R,R,Match,FL
Woody2,1,17,23,absent,R,R,Match,FL
Woody2,1,17,24,absent,R,R,Match,FL
Elli6,1,11,1,absent,L,L,Match,FL
Elli6,1,11,2,back_turned,L,L,Match,FL
Elli6,1,11,3,back_turned,L,L,Match,FL
Elli6,1,11,4,looking_away,L,L,Match,FL
Elli6,1,11,5,back_turned,R,R,Match,FL
Elli6,1,11,6,present,R,R,Match,FL
Elli6,1,11,7,absent,L,L,Match,FL
Elli6,1,11,8,absent,L,L,Match,FL
Elli6,1,11,9,present,L,L,Match,FL
Elli6,1,11,10,back_turned,R,R,Match,FL
Elli6,1,11,11,looking_away,R,R,Match,FL
Elli6,1,11,12,present,R,R,Match,FL
Elli6,1,11,13,looking_away,L,L,Match,FL
Elli6,1,11,14,present,L,L,Match,FL
Elli6,1,11,15,absent,L,L,Match,FL
Elli6,1,11,16,back_turned,R,R,Match,FL
Elli6,1,11,17,absent,R,R,Match,FL
Elli6,1,11,18,present,R,R,Match,FL
Elli6,1,11,19,looking_away,R,R,Match,FL
Elli6,1,11,20,present,R,R,Match,FL
Elli6,1,11,21,back_turned,L,L,Match,FL
Elli6,1,11,22,looking_away,L,L,Match,FL
Elli6,1,11,23,looking_away,L,L,Match,FL
Elli6,1,11,24,absent,L,L,Match,FL
Olivy,1,17,1,back_turned,L,L,Match,FL
Olivy,1,17,2,absent,L,L,Match,FL
Olivy,1,17,3,present,L,L,Match,FL
Olivy,1,17,4,looking_away,R,R,Match,FL
Olivy,1,17,5,looking_away,L,L,Match,FL
Olivy,1,17,6,back_turned,L,L,Match,FL
Olivy,1,17,7,present,L,L,Match,FL
Olivy,1,17,8,back_turned,L,L,Match,FL
Olivy,1,17,9,looking_away,L,L,Match,FL
Olivy,1,17,10,back_turned,R,R,Match,FL
Olivy,1,17,11,back_turned,L,L,Match,FL
Olivy,1,17,12,looking_away,L,L,Match,FL
Olivy,1,17,13,looking_away,L,L,Match,FL
Olivy,1,17,14,absent,L,L,Match,FL
Olivy,1,17,15,present,L,L,Match,FL
Olivy,1,17,16,absent,L,L,Match,FL
Olivy,1,17,17,back_turned,L,L,Match,FL
Olivy,1,17,18,present,L,L,Match,FL
Olivy,1,17,19,present,L,L,Match,FL
Olivy,1,17,20,looking_away,L,L,Match,FL
Olivy,1,17,21,absent,L,L,Match,FL
Olivy,1,17,22,present,L,L,Match,FL
Olivy,1,17,23,absent,L,L,Match,FL
Olivy,1,17,24,absent,L,L,Match,FL
Lucy20,1,17,1,back_turned,L,L,Match,FL
Lucy20,1,17,2,absent,L,L,Match,FL
Lucy20,1,17,3,present,L,L,Match,FL
Lucy20,1,17,4,looking_away,L,L,Match,FL
Lucy20,1,17,5,looking_away,L,L,Match,FL
Lucy20,1,17,6,back_turned,L,L,Match,FL
Lucy20,1,17,7,present,R,R,Match,FL
Lucy20,1,17,8,back_turned,R,R,Match,FL
Lucy20,1,17,9,looking_away,L,L,Match,FL
Lucy20,1,17,10,back_turned,L,L,Match,FL
Lucy20,1,17,11,back_turned,L,L,Match,FL
Lucy20,1,17,12,looking_away,L,L,Match,FL
Lucy20,1,17,13,looking_away,L,L,Match,FL
Lucy20,1,17,14,absent,R,R,Match,FL
Lucy20,1,17,15,present,L,L,Match,FL
Lucy20,1,17,16,absent,L,L,Match,FL
Lucy20,1,17,17,back_turned,L,L,Match,FL
Lucy20,1,17,18,present,L,L,Match,FL
Lucy20,1,17,19,present,L,L,Match,FL
Lucy20,1,17,20,looking_away,L,L,Match,FL
Lucy20,1,17,21,absent,L,L,Match,FL
Lucy20,1,17,22,present,L,L,Match,FL
Lucy20,1,17,23,absent,L,L,Match,FL
Lucy20,1,17,24,absent,L,L,Match,FL
Jabby,1,13,1,looking_away,R,R,Match,FL
Jabby,1,13,2,present,R,R,Match,FL
Jabby,1,13,3,back_turned,L,L,Match,FL
Jabby,1,13,4,back_turned,R,R,Match,FL
Jabby,1,13,5,present,R,R,Match,FL
Jabby,1,13,6,looking_away,L,L,Match,FL
Jabby,1,13,7,absent,R,R,Match,FL
Jabby,1,13,8,looking_away,L,L,Match,FL
Jabby,1,13,9,looking_away,L,L,Match,FL
Jabby,1,13,10,present,R,R,Match,FL
Jabby,1,13,11,present,R,R,Match,FL
Jabby,1,13,12,absent,L,L,Match,FL
Jabby,1,13,13,back_turned,R,R,Match,FL
Jabby,1,13,14,looking_away,L,L,Match,FL
Jabby,1,13,15,absent,R,R,Match,FL
Jabby,1,13,16,back_turned,L,L,Match,FL
Jabby,1,13,17,looking_away,L,L,Match,FL
Jabby,1,13,18,present,L,L,Match,FL
Jabby,1,13,19,back_turned,L,L,Match,FL
Jabby,1,13,20,back_turned,L,L,Match,FL
Jabby,1,13,21,absent,L,L,Match,FL
Jabby,1,13,22,absent,R,R,Match,FL
Jabby,1,13,23,present,R,R,Match,FL
Jabby,1,13,24,absent,L,L,Match,FL
Apple2,1,11,1,absent,L,L,Match,FL
Apple2,1,11,2,back_turned,L,L,Match,FL
Apple2,1,11,3,back_turned,R,R,Match,FL
Apple2,1,11,4,looking_away,L,L,Match,FL
Apple2,1,11,5,back_turned,L,L,Match,FL
Apple2,1,11,6,present,L,L,Match,FL
Apple2,1,11,7,absent,R,R,Match,FL
Apple2,1,11,8,absent,L,L,Match,FL
Apple2,1,11,9,present,L,L,Match,FL
Apple2,1,11,10,back_turned,R,R,Match,FL
Apple2,1,11,11,looking_away,L,L,Match,FL
Apple2,1,11,12,present,L,L,Match,FL
Apple2,1,11,13,looking_away,L,L,Match,FL
Apple2,1,11,14,present,L,L,Match,FL
Apple2,1,11,15,absent,L,L,Match,FL
Apple2,1,11,16,back_turned,R,R,Match,FL
Apple2,1,11,17,absent,L,L,Match,FL
Apple2,1,11,18,present,L,L,Match,FL
Apple2,1,11,19,looking_away,R,R,Match,FL
Apple2,1,11,20,present,L,L,Match,FL
Apple2,1,11,21,back_turned,L,L,Match,FL
Apple2,1,11,22,looking_away,L,L,Match,FL
Apple2,1,11,23,looking_away,L,L,Match,FL
Apple2,1,11,24,absent,L,L,Match,FL
Hugo4,1,13,1,looking_away,R,R,Match,FL
Hugo4,1,13,2,present,R,R,Match,FL
Hugo4,1,13,3,back_turned,L,L,Match,FL
Hugo4,1,13,4,back_turned,L,L,Match,FL
Hugo4,1,13,5,present,L,L,Match,FL
Hugo4,1,13,6,looking_away,R,R,Match,FL
Hugo4,1,13,7,absent,L,L,Match,FL
Hugo4,1,13,8,looking_away,L,L,Match,FL
Hugo4,1,13,9,looking_away,R,R,Match,FL
Hugo4,1,13,10,present,R,R,Match,FL
Hugo4,1,13,11,present,R,R,Match,FL
Hugo4,1,13,12,absent,R,R,Match,FL
Hugo4,1,13,13,back_turned,R,R,Match,FL
Hugo4,1,13,14,looking_away,R,R,Match,FL
Hugo4,1,13,15,absent,R,R,Match,FL
Hugo4,1,13,16,back_turned,L,L,Match,FL
Hugo4,1,13,17,looking_away,L,L,Match,FL
Hugo4,1,13,18,present,L,L,Match,FL
Hugo4,1,13,19,back_turned,L,L,Match,FL
Hugo4,1,13,20,back_turned,R,L,No Match,FL
Hugo4,1,13,21,absent,R,R,Match,FL
Hugo4,1,13,22,absent,R,R,Match,FL
Hugo4,1,13,23,present,R,R,Match,FL
Hugo4,1,13,24,absent,R,R,Match,FL
Ivy6,1,11,1,absent,L,L,Match,FL
Ivy6,1,11,2,back_turned,L,L,Match,FL
Ivy6,1,11,3,back_turned,R,R,Match,FL
Ivy6,1,11,4,looking_away,L,L,Match,FL
Ivy6,1,11,5,back_turned,L,L,Match,FL
Ivy6,1,11,6,present,L,L,Match,FL
Ivy6,1,11,7,absent,R,R,Match,FL
Ivy6,1,11,8,absent,L,L,Match,FL
Ivy6,1,11,9,present,L,L,Match,FL
Ivy6,1,11,10,back_turned,L,L,Match,FL
Ivy6,1,11,11,looking_away,L,L,Match,FL
Ivy6,1,11,12,present,R,R,Match,FL
Ivy6,1,11,13,looking_away,L,L,Match,FL
Ivy6,1,11,14,present,L,L,Match,FL
Ivy6,1,11,15,absent,L,L,Match,FL
Ivy6,1,11,16,back_turned,L,L,Match,FL
Ivy6,1,11,17,absent,L,L,Match,FL
Ivy6,1,11,18,present,L,L,Match,FL
Ivy6,1,11,19,looking_away,R,R,Match,FL
Ivy6,1,11,20,present,L,L,Match,FL
Ivy6,1,11,21,back_turned,L,L,Match,FL
Ivy6,1,11,22,looking_away,L,L,Match,FL
Ivy6,1,11,23,looking_away,L,L,Match,FL
Ivy6,1,11,24,absent,L,L,Match,FL
Rovina,1,17,1,back_turned,L,L,Match,FL
Rovina,1,17,2,absent,L,L,Match,FL
Rovina,1,17,3,present,L,L,Match,FL
Rovina,1,17,4,looking_away,L,L,Match,FL
Rovina,1,17,5,looking_away,R,R,Match,FL
Rovina,1,17,6,back_turned,L,L,Match,FL
Rovina,1,17,7,present,R,R,Match,FL
Rovina,1,17,8,back_turned,R,R,Match,FL
Rovina,1,17,9,looking_away,L,L,Match,FL
Rovina,1,17,10,back_turned,L,L,Match,FL
Rovina,1,17,11,back_turned,L,L,Match,FL
Rovina,1,17,12,looking_away,L,L,Match,FL
Rovina,1,17,13,looking_away,L,L,Match,FL
Rovina,1,17,14,absent,R,R,Match,FL
Rovina,1,17,15,present,L,L,Match,FL
Rovina,1,17,16,absent,L,L,Match,FL
Rovina,1,17,17,back_turned,R,R,Match,FL
Rovina,1,17,18,present,L,L,Match,FL
Rovina,1,17,19,present,L,L,Match,FL
Rovina,1,17,20,looking_away,R,R,Match,FL
Rovina,1,17,21,absent,L,L,Match,FL
Rovina,1,17,22,present,L,L,Match,FL
Rovina,1,17,23,absent,R,L,No Match,FL
Rovina,1,17,24,absent,R,R,Match,FL
Zita2,1,2,1,absent,R,R,Match,FL
Zita2,1,2,2,present,L,L,Match,FL
Zita2,1,2,3,looking_away,R,R,Match,FL
Zita2,1,2,4,absent,L,L,Match,FL
Zita2,1,2,5,looking_away,R,R,Match,FL
Zita2,1,2,6,back_turned,L,L,Match,FL
Zita2,1,2,7,absent,R,R,Match,FL
Zita2,1,2,8,back_turned,L,L,Match,FL
Zita2,1,2,9,looking_away,L,L,Match,FL
Zita2,1,2,10,absent,L,L,Match,FL
Zita2,1,2,11,back_turned,R,R,Match,FL
Zita2,1,2,12,looking_away,L,L,Match,FL
Zita2,1,2,13,back_turned,L,L,Match,FL
Zita2,1,2,14,looking_away,R,R,Match,FL
Zita2,1,2,15,looking_away,L,NA,No Match,FL
Zita2,1,2,16,present,L,L,Match,FL
Zita2,1,2,17,back_turned,R,R,Match,FL
Zita2,1,2,18,present,L,L,Match,FL
Zita2,1,2,19,present,R,R,Match,FL
Zita2,1,2,20,absent,L,L,Match,FL
Zita2,1,2,21,present,L,L,Match,FL
Zita2,1,2,22,present,L,L,Match,FL
Zita2,1,2,23,back_turned,L,L,Match,FL
Zita2,1,2,24,absent,L,L,Match,FL
Molly8,1,10,1,present,R,R,Match,FL
Molly8,1,10,2,absent,R,R,Match,FL
Molly8,1,10,3,absent,R,R,Match,FL
Molly8,1,10,4,present,L,L,Match,FL
Molly8,1,10,5,back_turned,R,R,Match,FL
Molly8,1,10,6,looking_away,R,R,Match,FL
Molly8,1,10,7,present,R,R,Match,FL
Molly8,1,10,8,absent,L,L,Match,FL
Molly8,1,10,9,absent,R,R,Match,FL
Molly8,1,10,10,back_turned,L,L,Match,FL
Molly8,1,10,11,looking_away,R,R,Match,FL
Molly8,1,10,12,looking_away,R,R,Match,FL
Molly8,1,10,13,back_turned,L,L,Match,FL
Molly8,1,10,14,back_turned,L,L,Match,FL
Molly8,1,10,15,absent,R,R,Match,FL
Molly8,1,10,16,absent,L,L,Match,FL
Molly8,1,10,17,looking_away,L,L,Match,FL
Molly8,1,10,18,present,L,L,Match,FL
Molly8,1,10,19,back_turned,L,L,Match,FL
Molly8,1,10,20,looking_away,L,L,Match,FL
Molly8,1,10,21,back_turned,R,R,Match,FL
Molly8,1,10,22,present,R,R,Match,FL
Molly8,1,10,23,looking_away,L,L,Match,FL
Molly8,1,10,24,present,R,R,Match,FL
Preemo,1,16,1,back_turned,R,R,Match,FL
Preemo,1,16,2,present,R,R,Match,FL
Preemo,1,16,3,present,R,R,Match,FL
Preemo,1,16,4,absent,L,L,Match,FL
Preemo,1,16,5,looking_away,R,R,Match,FL
Preemo,1,16,6,absent,R,R,Match,FL
Preemo,1,16,7,back_turned,L,L,Match,FL
Preemo,1,16,8,present,R,R,Match,FL
Preemo,1,16,9,back_turned,R,R,Match,FL
Preemo,1,16,10,looking_away,R,R,Match,FL
Preemo,1,16,11,present,L,L,Match,FL
Preemo,1,16,12,absent,R,R,Match,FL
Preemo,1,16,13,present,L,L,Match,FL
Preemo,1,16,14,back_turned,R,R,Match,FL
Preemo,1,16,15,back_turned,L,L,Match,FL
Preemo,1,16,16,present,R,R,Match,FL
Preemo,1,16,17,back_turned,R,R,Match,FL
Preemo,1,16,18,looking_away,R,R,Match,FL
Preemo,1,16,19,looking_away,L,L,Match,FL
Preemo,1,16,20,absent,L,L,Match,FL
Preemo,1,16,21,looking_away,R,R,Match,FL
Preemo,1,16,22,absent,R,R,Match,FL
Preemo,1,16,23,absent,L,L,Match,FL
Preemo,1,16,24,looking_away,R,R,Match,FL
Holly9,1,16,1,back_turned,R,R,Match,FL
Holly9,1,16,2,present,R,R,Match,FL
Holly9,1,16,3,present,R,R,Match,FL
Holly9,1,16,4,absent,R,R,Match,FL
Holly9,1,16,5,looking_away,R,R,Match,FL
Holly9,1,16,6,absent,R,R,Match,FL
Holly9,1,16,7,back_turned,L,L,Match,FL
Holly9,1,16,8,present,R,R,Match,FL
Holly9,1,16,9,back_turned,R,R,Match,FL
Holly9,1,16,10,looking_away,R,R,Match,FL
Holly9,1,16,11,present,R,R,Match,FL
Holly9,1,16,12,absent,R,R,Match,FL
Holly9,1,16,13,present,R,R,Match,FL
Holly9,1,16,14,back_turned,R,R,Match,FL
Holly9,1,16,15,back_turned,R,R,Match,FL
Holly9,1,16,16,present,R,R,Match,FL
Holly9,1,16,17,back_turned,R,R,Match,FL
Holly9,1,16,18,looking_away,R,R,Match,FL
Holly9,1,16,19,looking_away,R,R,Match,FL
Holly9,1,16,20,absent,R,R,Match,FL
Holly9,1,16,21,looking_away,L,L,Match,FL
Holly9,1,16,22,absent,R,R,Match,FL
Holly9,1,16,23,absent,L,L,Match,FL
Holly9,1,16,24,looking_away,L,L,Match,FL
Cuba,1,16,1,back_turned,R,R,Match,FL
Cuba,1,16,2,present,R,R,Match,FL
Cuba,1,16,3,present,R,R,Match,FL
Cuba,1,16,4,absent,R,R,Match,FL
Cuba,1,16,5,looking_away,R,R,Match,FL
Cuba,1,16,6,absent,R,R,Match,FL
Cuba,1,16,7,back_turned,R,R,Match,FL
Cuba,1,16,8,present,R,R,Match,FL
Cuba,1,16,9,back_turned,R,R,Match,FL
Cuba,1,16,10,looking_away,R,R,Match,FL
Cuba,1,16,11,present,R,R,Match,FL
Cuba,1,16,12,absent,R,R,Match,FL
Cuba,1,16,13,present,R,R,Match,FL
Cuba,1,16,14,back_turned,L,L,Match,FL
Cuba,1,16,15,back_turned,R,R,Match,FL
Cuba,1,16,16,present,R,R,Match,FL
Cuba,1,16,17,back_turned,R,R,Match,FL
Cuba,1,16,18,looking_away,R,R,Match,FL
Cuba,1,16,19,looking_away,R,R,Match,FL
Cuba,1,16,20,absent,R,R,Match,FL
Cuba,1,16,21,looking_away,R,R,Match,FL
Cuba,1,16,22,absent,L,L,Match,FL
Cuba,1,16,23,absent,R,R,Match,FL
Cuba,1,16,24,looking_away,R,R,Match,FL
Henri,1,1,1,absent,L,L,Match,FL
Henri,1,1,2,looking_away,L,L,Match,FL
Henri,1,1,3,looking_away,L,L,Match,FL
Henri,1,1,4,present,L,L,Match,FL
Henri,1,1,5,present,L,L,Match,FL
Henri,1,1,6,back_turned,L,L,Match,FL
Henri,1,1,7,looking_away,L,L,Match,FL
Henri,1,1,8,back_turned,L,L,Match,FL
Henri,1,1,9,back_turned,L,L,Match,FL
Henri,1,1,10,absent,L,L,Match,FL
Henri,1,1,11,looking_away,L,L,Match,FL
Henri,1,1,12,absent,L,L,Match,FL
Henri,1,1,13,present,L,L,Match,FL
Henri,1,1,14,absent,L,L,Match,FL
Henri,1,1,15,back_turned,L,L,Match,FL
Henri,1,1,16,present,L,L,Match,FL
Henri,1,1,17,present,L,L,Match,FL
Henri,1,1,18,looking_away,L,L,Match,FL
Henri,1,1,19,absent,R,R,Match,FL
Henri,1,1,20,present,L,L,Match,FL
Henri,1,1,21,back_turned,L,L,Match,FL
Henri,1,1,22,absent,L,L,Match,FL
Henri,1,1,23,back_turned,L,L,Match,FL
Henri,1,1,24,looking_away,L,L,Match,FL
Kala2,2,1,1,absent,L,L,Match,JH
Kala2,2,1,2,looking_away,L,L,Match,JH
Kala2,2,1,3,looking_away,L,L,Match,JH
Kala2,2,1,4,present,L,L,Match,JH
Kala2,2,1,5,present,L,L,Match,JH
Kala2,2,1,6,back_turned,L,L,Match,JH
Kala2,2,1,7,looking_away,R,R,Match,JH
Kala2,2,1,8,back_turned,L,L,Match,JH
Kala2,2,1,9,back_turned,L,L,Match,JH
Kala2,2,1,10,absent,R,R,Match,JH
Kala2,2,1,11,looking_away,L,L,Match,JH
Kala2,2,1,12,absent,L,L,Match,JH
Kala2,2,1,13,present,L,L,Match,JH
Kala2,2,1,14,absent,L,L,Match,JH
Kala2,2,1,15,back_turned,L,L,Match,JH
Kala2,2,1,16,present,L,L,Match,JH
Kala2,2,1,17,present,R,R,Match,JH
Kala2,2,1,18,looking_away,L,L,Match,JH
Kala2,2,1,19,absent,L,L,Match,JH
Kala2,2,1,20,present,L,L,Match,JH
Kala2,2,1,21,back_turned,R,R,Match,JH
Kala2,2,1,22,absent,L,L,Match,JH
Kala2,2,1,23,back_turned,L,L,Match,JH
Kala2,2,1,24,looking_away,L,L,Match,JH
FrauleinFanny,2,1,1,absent,L,L,Match,JH
FrauleinFanny,2,1,2,looking_away,R,R,Match,JH
FrauleinFanny,2,1,3,looking_away,R,R,Match,JH
FrauleinFanny,2,1,4,present,L,L,Match,JH
FrauleinFanny,2,1,5,present,R,R,Match,JH
FrauleinFanny,2,1,6,back_turned,R,R,Match,JH
FrauleinFanny,2,1,7,looking_away,R,R,Match,JH
FrauleinFanny,2,1,8,back_turned,R,R,Match,JH
FrauleinFanny,2,1,9,back_turned,R,R,Match,JH
FrauleinFanny,2,1,10,absent,L,L,Match,JH
FrauleinFanny,2,1,11,looking_away,R,R,Match,JH
FrauleinFanny,2,1,12,absent,L,L,Match,JH
FrauleinFanny,2,1,13,present,L,L,Match,JH
FrauleinFanny,2,1,14,absent,L,L,Match,JH
FrauleinFanny,2,1,15,back_turned,R,R,Match,JH
FrauleinFanny,2,1,16,present,L,L,Match,JH
FrauleinFanny,2,1,17,present,R,R,Match,JH
FrauleinFanny,2,1,18,looking_away,R,R,Match,JH
FrauleinFanny,2,1,19,absent,R,R,Match,JH
FrauleinFanny,2,1,20,present,R,R,Match,JH
FrauleinFanny,2,1,21,back_turned,R,R,Match,JH
FrauleinFanny,2,1,22,absent,R,R,Match,JH
FrauleinFanny,2,1,23,back_turned,L,L,Match,JH
FrauleinFanny,2,1,24,looking_away,R,R,Match,JH
Nika2,2,2,1,absent,R,R,Match,JH
Nika2,2,2,2,present,R,R,Match,JH
Nika2,2,2,3,looking_away,R,R,Match,JH
Nika2,2,2,4,absent,R,R,Match,JH
Nika2,2,2,5,looking_away,R,R,Match,JH
Nika2,2,2,6,back_turned,R,R,Match,JH
Nika2,2,2,7,absent,R,R,Match,JH
Nika2,2,2,8,back_turned,R,R,Match,JH
Nika2,2,2,9,looking_away,R,R,Match,JH
Nika2,2,2,10,absent,R,R,Match,JH
Nika2,2,2,11,back_turned,R,R,Match,JH
Nika2,2,2,12,looking_away,R,R,Match,JH
Nika2,2,2,13,back_turned,R,R,Match,JH
Nika2,2,2,14,looking_away,R,R,Match,JH
Nika2,2,2,15,looking_away,R,R,Match,JH
Nika2,2,2,16,present,R,R,Match,JH
Nika2,2,2,17,back_turned,R,R,Match,JH
Nika2,2,2,18,present,R,R,Match,JH
Nika2,2,2,19,present,R,R,Match,JH
Nika2,2,2,20,absent,R,R,Match,JH
Nika2,2,2,21,present,R,R,Match,JH
Nika2,2,2,22,present,R,R,Match,JH
Nika2,2,2,23,back_turned,R,R,Match,JH
Nika2,2,2,24,absent,R,R,Match,JH
Maya5,2,2,1,absent,L,L,Match,JH
Maya5,2,2,2,present,L,L,Match,JH
Maya5,2,2,3,looking_away,R,R,Match,JH
Maya5,2,2,4,absent,L,L,Match,JH
Maya5,2,2,5,looking_away,L,L,Match,JH
Maya5,2,2,6,back_turned,L,L,Match,JH
Maya5,2,2,7,absent,L,L,Match,JH
Maya5,2,2,8,back_turned,L,L,Match,JH
Maya5,2,2,9,looking_away,L,L,Match,JH
Maya5,2,2,10,absent,L,L,Match,JH
Maya5,2,2,11,back_turned,L,L,Match,JH
Maya5,2,2,12,looking_away,L,L,Match,JH
Maya5,2,2,13,back_turned,L,L,Match,JH
Maya5,2,2,14,looking_away,R,R,Match,JH
Maya5,2,2,15,looking_away,L,L,Match,JH
Maya5,2,2,16,present,L,L,Match,JH
Maya5,2,2,17,back_turned,L,L,Match,JH
Maya5,2,2,18,present,L,L,Match,JH
Maya5,2,2,19,present,R,R,Match,JH
Maya5,2,2,20,absent,L,L,Match,JH
Maya5,2,2,21,present,L,L,Match,JH
Maya5,2,2,22,present,L,L,Match,JH
Maya5,2,2,23,back_turned,L,L,Match,JH
Maya5,2,2,24,absent,L,L,Match,JH
Coco12,2,3,1,looking_away,L,L,Match,JH
Coco12,2,3,2,looking_away,R,R,Match,JH
Coco12,2,3,3,present,L,L,Match,JH
Coco12,2,3,4,back_turned,L,L,Match,JH
Coco12,2,3,5,absent,L,L,Match,JH
Coco12,2,3,6,present,R,R,Match,JH
Coco12,2,3,7,looking_away,R,R,Match,JH
Coco12,2,3,8,back_turned,R,R,Match,JH
Coco12,2,3,9,present,L,L,Match,JH
Coco12,2,3,10,back_turned,L,L,Match,JH
Coco12,2,3,11,back_turned,L,L,Match,JH
Coco12,2,3,12,present,L,L,Match,JH
Coco12,2,3,13,absent,L,L,Match,JH
Coco12,2,3,14,absent,L,L,Match,JH
Coco12,2,3,15,looking_away,L,L,Match,JH
Coco12,2,3,16,looking_away,L,L,Match,JH
Coco12,2,3,17,absent,L,L,Match,JH
Coco12,2,3,18,back_turned,L,L,Match,JH
Coco12,2,3,19,present,L,L,Match,JH
Coco12,2,3,20,present,L,L,Match,JH
Coco12,2,3,21,absent,R,R,Match,JH
Coco12,2,3,22,looking_away,L,L,Match,JH
Coco12,2,3,23,back_turned,R,R,Match,JH
Coco12,2,3,24,absent,L,L,Match,JH
Ganesh,2,3,1,looking_away,R,R,Match,JH
Ganesh,2,3,2,looking_away,L,R,No Match,JH
Ganesh,2,3,3,present,L,L,Match,JH
Ganesh,2,3,4,back_turned,L,L,Match,JH
Ganesh,2,3,5,absent,R,R,Match,JH
Ganesh,2,3,6,present,R,R,Match,JH
Ganesh,2,3,7,looking_away,R,R,Match,JH
Ganesh,2,3,8,back_turned,R,R,Match,JH
Ganesh,2,3,9,present,R,R,Match,JH
Ganesh,2,3,10,back_turned,R,R,Match,JH
Ganesh,2,3,11,back_turned,R,R,Match,JH
Ganesh,2,3,12,present,R,R,Match,JH
Ganesh,2,3,13,absent,R,R,Match,JH
Ganesh,2,3,14,absent,R,R,Match,JH
Ganesh,2,3,15,looking_away,R,R,Match,JH
Ganesh,2,3,16,looking_away,R,R,Match,JH
Ganesh,2,3,17,absent,R,R,Match,JH
Ganesh,2,3,18,back_turned,R,R,Match,JH
Ganesh,2,3,19,present,R,R,Match,JH
Ganesh,2,3,20,present,R,R,Match,JH
Ganesh,2,3,21,absent,R,R,Match,JH
Ganesh,2,3,22,looking_away,R,R,Match,JH
Ganesh,2,3,23,back_turned,R,R,Match,JH
Ganesh,2,3,24,absent,R,R,Match,JH
Chilli5,2,4,1,back_turned,L,L,Match,JH
Chilli5,2,4,2,back_turned,L,L,Match,JH
Chilli5,2,4,3,absent,R,R,Match,JH
Chilli5,2,4,4,absent,L,L,Match,JH
Chilli5,2,4,5,present,R,R,Match,JH
Chilli5,2,4,6,present,L,L,Match,JH
Chilli5,2,4,7,looking_away,R,R,Match,JH
Chilli5,2,4,8,back_turned,L,L,Match,JH
Chilli5,2,4,9,present,L,L,Match,JH
Chilli5,2,4,10,present,L,L,Match,JH
Chilli5,2,4,11,absent,R,R,Match,JH
Chilli5,2,4,12,looking_away,R,R,Match,JH
Chilli5,2,4,13,absent,R,R,Match,JH
Chilli5,2,4,14,present,L,L,Match,JH
Chilli5,2,4,15,looking_away,L,L,Match,JH
Chilli5,2,4,16,looking_away,NA,NA,Match,JH
Chilli5,2,4,17,absent,L,L,Match,JH
Chilli5,2,4,18,back_turned,R,R,Match,JH
Chilli5,2,4,19,absent,R,R,Match,JH
Chilli5,2,4,20,looking_away,R,R,Match,JH
Chilli5,2,4,21,looking_away,L,L,Match,JH
Chilli5,2,4,22,present,L,L,Match,JH
Chilli5,2,4,23,back_turned,L,L,Match,JH
Chilli5,2,4,24,back_turned,R,R,Match,JH
Max5,2,4,1,back_turned,R,R,Match,JH
Max5,2,4,2,back_turned,L,L,Match,JH
Max5,2,4,3,absent,L,L,Match,JH
Max5,2,4,4,absent,L,L,Match,JH
Max5,2,4,5,present,L,L,Match,JH
Max5,2,4,6,present,L,L,Match,JH
Max5,2,4,7,looking_away,L,L,Match,JH
Max5,2,4,8,back_turned,L,L,Match,JH
Max5,2,4,9,present,L,L,Match,JH
Max5,2,4,10,present,L,L,Match,JH
Max5,2,4,11,absent,L,L,Match,JH
Max5,2,4,12,looking_away,L,L,Match,JH
Max5,2,4,13,absent,L,L,Match,JH
Max5,2,4,14,present,L,L,Match,JH
Max5,2,4,15,looking_away,L,L,Match,JH
Max5,2,4,16,looking_away,L,L,Match,JH
Max5,2,4,17,absent,L,L,Match,JH
Max5,2,4,18,back_turned,L,L,Match,JH
Max5,2,4,19,absent,L,L,Match,JH
Max5,2,4,20,looking_away,R,R,Match,JH
Max5,2,4,21,looking_away,L,L,Match,JH
Max5,2,4,22,present,L,L,Match,JH
Max5,2,4,23,back_turned,L,L,Match,JH
Max5,2,4,24,back_turned,L,L,Match,JH
Nuala2,2,5,1,back_turned,L,L,Match,JH
Nuala2,2,5,2,looking_away,R,R,Match,JH
Nuala2,2,5,3,looking_away,L,L,Match,JH
Nuala2,2,5,4,back_turned,R,R,Match,JH
Nuala2,2,5,5,looking_away,L,L,Match,JH
Nuala2,2,5,6,absent,R,R,Match,JH
Nuala2,2,5,7,present,L,L,Match,JH
Nuala2,2,5,8,absent,R,R,Match,JH
Nuala2,2,5,9,absent,R,R,Match,JH
Nuala2,2,5,10,present,R,R,Match,JH
Nuala2,2,5,11,looking_away,R,R,Match,JH
Nuala2,2,5,12,back_turned,R,R,Match,JH
Nuala2,2,5,13,back_turned,R,R,Match,JH
Nuala2,2,5,14,present,L,L,Match,JH
Nuala2,2,5,15,present,R,R,Match,JH
Nuala2,2,5,16,looking_away,L,L,Match,JH
Nuala2,2,5,17,absent,L,L,Match,JH
Nuala2,2,5,18,back_turned,R,R,Match,JH
Nuala2,2,5,19,absent,L,L,Match,JH
Nuala2,2,5,20,looking_away,R,R,Match,JH
Nuala2,2,5,21,absent,R,R,Match,JH
Nuala2,2,5,22,back_turned,R,R,Match,JH
Nuala2,2,5,23,present,R,R,Match,JH
Nuala2,2,5,24,present,R,R,Match,JH
Satchmo,2,5,1,back_turned,L,L,Match,JH
Satchmo,2,5,2,looking_away,R,R,Match,JH
Satchmo,2,5,3,looking_away,R,R,Match,JH
Satchmo,2,5,4,back_turned,R,R,Match,JH
Satchmo,2,5,5,looking_away,L,L,Match,JH
Satchmo,2,5,6,absent,L,L,Match,JH
Satchmo,2,5,7,present,L,L,Match,JH
Satchmo,2,5,8,absent,R,R,Match,JH
Satchmo,2,5,9,absent,L,L,Match,JH
Satchmo,2,5,10,present,R,R,Match,JH
Satchmo,2,5,11,looking_away,L,L,Match,JH
Satchmo,2,5,12,back_turned,L,L,Match,JH
Satchmo,2,5,13,back_turned,L,L,Match,JH
Satchmo,2,5,14,present,R,R,Match,JH
Satchmo,2,5,15,present,L,L,Match,JH
Satchmo,2,5,16,looking_away,L,L,Match,JH
Satchmo,2,5,17,absent,R,R,Match,JH
Satchmo,2,5,18,back_turned,L,L,Match,JH
Satchmo,2,5,19,absent,L,L,Match,JH
Satchmo,2,5,20,looking_away,R,R,Match,JH
Satchmo,2,5,21,absent,L,L,Match,JH
Satchmo,2,5,22,back_turned,R,R,Match,JH
Satchmo,2,5,23,present,L,L,Match,JH
Satchmo,2,5,24,present,L,L,Match,JH
Amor2,2,6,1,looking_away,L,L,Match,JH
Amor2,2,6,2,back_turned,R,R,Match,JH
Amor2,2,6,3,back_turned,L,L,Match,JH
Amor2,2,6,4,looking_away,R,R,Match,JH
Amor2,2,6,5,absent,L,L,Match,JH
Amor2,2,6,6,absent,L,L,Match,JH
Amor2,2,6,7,back_turned,R,R,Match,JH
Amor2,2,6,8,absent,L,L,Match,JH
Amor2,2,6,9,present,R,R,Match,JH
Amor2,2,6,10,absent,L,L,Match,JH
Amor2,2,6,11,back_turned,L,L,Match,JH
Amor2,2,6,12,back_turned,L,L,Match,JH
Amor2,2,6,13,absent,R,R,Match,JH
Amor2,2,6,14,present,R,R,Match,JH
Amor2,2,6,15,back_turned,L,L,Match,JH
Amor2,2,6,16,looking_away,L,L,Match,JH
Amor2,2,6,17,present,R,R,Match,JH
Amor2,2,6,18,absent,R,R,Match,JH
Amor2,2,6,19,present,L,L,Match,JH
Amor2,2,6,20,looking_away,R,R,Match,JH
Amor2,2,6,21,present,R,R,Match,JH
Amor2,2,6,22,looking_away,R,R,Match,JH
Amor2,2,6,23,present,L,L,Match,JH
Amor2,2,6,24,looking_away,L,L,Match,JH
Kito,2,6,1,looking_away,R,R,Match,JH
Kito,2,6,2,back_turned,R,R,Match,JH
Kito,2,6,3,back_turned,R,R,Match,JH
Kito,2,6,4,looking_away,L,L,Match,JH
Kito,2,6,5,absent,R,R,Match,JH
Kito,2,6,6,absent,R,R,Match,JH
Kito,2,6,7,back_turned,L,L,Match,JH
Kito,2,6,8,absent,L,L,Match,JH
Kito,2,6,9,present,L,L,Match,JH
Kito,2,6,10,absent,R,R,Match,JH
Kito,2,6,11,back_turned,L,L,Match,JH
Kito,2,6,12,back_turned,L,L,Match,JH
Kito,2,6,13,absent,R,R,Match,JH
Kito,2,6,14,present,L,L,Match,JH
Kito,2,6,15,back_turned,L,L,Match,JH
Kito,2,6,16,looking_away,L,L,Match,JH
Kito,2,6,17,present,R,R,Match,JH
Kito,2,6,18,absent,R,R,Match,JH
Kito,2,6,19,present,L,L,Match,JH
Kito,2,6,20,looking_away,L,R,No Match,JH
Kito,2,6,21,present,L,L,Match,JH
Kito,2,6,22,looking_away,L,L,Match,JH
Kito,2,6,23,present,L,L,Match,JH
Kito,2,6,24,looking_away,R,R,Match,JH
Akira8,2,7,1,absent,L,L,Match,JH
Akira8,2,7,2,looking_away,L,L,Match,JH
Akira8,2,7,3,looking_away,R,R,Match,JH
Akira8,2,7,4,back_turned,R,R,Match,JH
Akira8,2,7,5,absent,L,L,Match,JH
Akira8,2,7,6,present,L,L,Match,JH
Akira8,2,7,7,looking_away,R,R,Match,JH
Akira8,2,7,8,looking_away,L,L,Match,JH
Akira8,2,7,9,absent,R,R,Match,JH
Akira8,2,7,10,absent,L,L,Match,JH
Akira8,2,7,11,back_turned,L,L,Match,JH
Akira8,2,7,12,present,L,L,Match,JH
Akira8,2,7,13,looking_away,R,R,Match,JH
Akira8,2,7,14,absent,L,L,Match,JH
Akira8,2,7,15,present,L,L,Match,JH
Akira8,2,7,16,present,L,L,Match,JH
Akira8,2,7,17,back_turned,R,R,Match,JH
Akira8,2,7,18,back_turned,L,L,Match,JH
Akira8,2,7,19,present,R,R,Match,JH
Akira8,2,7,20,back_turned,R,R,Match,JH
Akira8,2,7,21,present,R,R,Match,JH
Akira8,2,7,22,absent,L,L,Match,JH
Akira8,2,7,23,looking_away,L,L,Match,JH
Akira8,2,7,24,back_turned,L,L,Match,JH
Waleria,2,7,1,absent,R,R,Match,JH
Waleria,2,7,2,looking_away,R,R,Match,JH
Waleria,2,7,3,looking_away,R,R,Match,JH
Waleria,2,7,4,back_turned,R,R,Match,JH
Waleria,2,7,5,absent,R,R,Match,JH
Waleria,2,7,6,present,R,R,Match,JH
Waleria,2,7,7,looking_away,R,R,Match,JH
Waleria,2,7,8,looking_away,R,R,Match,JH
Waleria,2,7,9,absent,L,L,Match,JH
Waleria,2,7,10,absent,R,R,Match,JH
Waleria,2,7,11,back_turned,R,R,Match,JH
Waleria,2,7,12,present,R,R,Match,JH
Waleria,2,7,13,looking_away,R,R,Match,JH
Waleria,2,7,14,absent,R,R,Match,JH
Waleria,2,7,15,present,R,R,Match,JH
Waleria,2,7,16,present,R,R,Match,JH
Waleria,2,7,17,back_turned,R,R,Match,JH
Waleria,2,7,18,back_turned,L,L,Match,JH
Waleria,2,7,19,present,R,R,Match,JH
Waleria,2,7,20,back_turned,L,L,Match,JH
Waleria,2,7,21,present,L,L,Match,JH
Waleria,2,7,22,absent,R,R,Match,JH
Waleria,2,7,23,looking_away,R,R,Match,JH
Waleria,2,7,24,back_turned,R,R,Match,JH
Pixie3,2,8,1,present,R,L,No Match,JH
Pixie3,2,8,2,absent,L,L,Match,JH
Pixie3,2,8,3,back_turned,L,L,Match,JH
Pixie3,2,8,4,looking_away,R,R,Match,JH
Pixie3,2,8,5,back_turned,L,L,Match,JH
Pixie3,2,8,6,absent,R,R,Match,JH
Pixie3,2,8,7,back_turned,L,L,Match,JH
Pixie3,2,8,8,looking_away,R,R,Match,JH
Pixie3,2,8,9,looking_away,R,R,Match,JH
Pixie3,2,8,10,back_turned,L,L,Match,JH
Pixie3,2,8,11,absent,L,L,Match,JH
Pixie3,2,8,12,present,R,R,Match,JH
Pixie3,2,8,13,looking_away,L,L,Match,JH
Pixie3,2,8,14,back_turned,L,L,Match,JH
Pixie3,2,8,15,looking_away,L,L,Match,JH
Pixie3,2,8,16,absent,L,L,Match,JH
Pixie3,2,8,17,present,R,R,Match,JH
Pixie3,2,8,18,looking_away,L,L,Match,JH
Pixie3,2,8,19,absent,L,L,Match,JH
Pixie3,2,8,20,back_turned,R,R,Match,JH
Pixie3,2,8,21,present,R,R,Match,JH
Pixie3,2,8,22,present,L,L,Match,JH
Pixie3,2,8,23,absent,R,R,Match,JH
Pixie3,2,8,24,present,R,R,Match,JH
Bookie,2,8,1,present,R,R,Match,JH
Bookie,2,8,2,absent,R,R,Match,JH
Bookie,2,8,3,back_turned,L,L,Match,JH
Bookie,2,8,4,looking_away,L,L,Match,JH
Bookie,2,8,5,back_turned,R,R,Match,JH
Bookie,2,8,6,absent,L,L,Match,JH
Bookie,2,8,7,back_turned,R,R,Match,JH
Bookie,2,8,8,looking_away,R,R,Match,JH
Bookie,2,8,9,looking_away,L,L,Match,JH
Bookie,2,8,10,back_turned,L,L,Match,JH
Bookie,2,8,11,absent,R,R,Match,JH
Bookie,2,8,12,present,L,L,Match,JH
Bookie,2,8,13,looking_away,L,L,Match,JH
Bookie,2,8,14,back_turned,R,R,Match,JH
Bookie,2,8,15,looking_away,R,R,Match,JH
Bookie,2,8,16,absent,L,L,Match,JH
Bookie,2,8,17,present,L,L,Match,JH
Bookie,2,8,18,looking_away,R,R,Match,JH
Bookie,2,8,19,absent,R,R,Match,JH
Bookie,2,8,20,back_turned,L,R,No Match,JH
Bookie,2,8,21,present,L,L,Match,JH
Bookie,2,8,22,present,R,R,Match,JH
Bookie,2,8,23,absent,L,L,Match,JH
Bookie,2,8,24,present,R,R,Match,JH
Mascha,2,9,1,present,R,R,Match,JH
Mascha,2,9,2,back_turned,R,R,Match,JH
Mascha,2,9,3,absent,R,R,Match,JH
Mascha,2,9,4,looking_away,L,L,Match,JH
Mascha,2,9,5,absent,L,L,Match,JH
Mascha,2,9,6,looking_away,L,L,Match,JH
Mascha,2,9,7,present,L,L,Match,JH
Mascha,2,9,8,present,L,L,Match,JH
Mascha,2,9,9,absent,R,R,Match,JH
Mascha,2,9,10,looking_away,L,L,Match,JH
Mascha,2,9,11,absent,R,R,Match,JH
Mascha,2,9,12,back_turned,R,R,Match,JH
Mascha,2,9,13,absent,R,R,Match,JH
Mascha,2,9,14,back_turned,L,L,Match,JH
Mascha,2,9,15,present,L,L,Match,JH
Mascha,2,9,16,back_turned,L,L,Match,JH
Mascha,2,9,17,looking_away,L,L,Match,JH
Mascha,2,9,18,absent,L,L,Match,JH
Mascha,2,9,19,looking_away,L,L,Match,JH
Mascha,2,9,20,present,L,L,Match,JH
Mascha,2,9,21,back_turned,L,L,Match,JH
Mascha,2,9,22,looking_away,L,L,Match,JH
Mascha,2,9,23,present,L,L,Match,JH
Mascha,2,9,24,back_turned,L,L,Match,JH
Nero4,2,9,1,present,R,R,Match,JH
Nero4,2,9,2,back_turned,R,R,Match,JH
Nero4,2,9,3,absent,R,R,Match,JH
Nero4,2,9,4,looking_away,R,R,Match,JH
Nero4,2,9,5,absent,L,L,Match,JH
Nero4,2,9,6,looking_away,R,R,Match,JH
Nero4,2,9,7,present,L,L,Match,JH
Nero4,2,9,8,present,R,R,Match,JH
Nero4,2,9,9,absent,R,R,Match,JH
Nero4,2,9,10,looking_away,L,L,Match,JH
Nero4,2,9,11,absent,R,R,Match,JH
Nero4,2,9,12,back_turned,L,L,Match,JH
Nero4,2,9,13,absent,L,L,Match,JH
Nero4,2,9,14,back_turned,R,R,Match,JH
Nero4,2,9,15,present,L,L,Match,JH
Nero4,2,9,16,back_turned,R,R,Match,JH
Nero4,2,9,17,looking_away,R,R,Match,JH
Nero4,2,9,18,absent,L,L,Match,JH
Nero4,2,9,19,looking_away,R,R,Match,JH
Nero4,2,9,20,present,R,R,Match,JH
Nero4,2,9,21,back_turned,R,R,Match,JH
Nero4,2,9,22,looking_away,R,R,Match,JH
Nero4,2,9,23,present,R,R,Match,JH
Nero4,2,9,24,back_turned,L,L,Match,JH
Bonja,2,10,1,present,L,L,Match,JH
Bonja,2,10,2,absent,L,L,Match,JH
Bonja,2,10,3,absent,L,L,Match,JH
Bonja,2,10,4,present,L,L,Match,JH
Bonja,2,10,5,back_turned,R,R,Match,JH
Bonja,2,10,6,looking_away,L,L,Match,JH
Bonja,2,10,7,present,L,L,Match,JH
Bonja,2,10,8,absent,R,R,Match,JH
Bonja,2,10,9,absent,R,R,Match,JH
Bonja,2,10,10,back_turned,L,L,Match,JH
Bonja,2,10,11,looking_away,L,L,Match,JH
Bonja,2,10,12,looking_away,L,L,Match,JH
Bonja,2,10,13,back_turned,R,R,Match,JH
Bonja,2,10,14,back_turned,L,L,Match,JH
Bonja,2,10,15,absent,R,R,Match,JH
Bonja,2,10,16,absent,L,L,Match,JH
Bonja,2,10,17,looking_away,L,L,Match,JH
Bonja,2,10,18,present,L,L,Match,JH
Bonja,2,10,19,back_turned,L,L,Match,JH
Bonja,2,10,20,looking_away,L,L,Match,JH
Bonja,2,10,21,back_turned,L,L,Match,JH
Bonja,2,10,22,present,R,R,Match,JH
Bonja,2,10,23,looking_away,L,L,Match,JH
Bonja,2,10,24,present,L,L,Match,JH
Eben,2,10,1,present,L,L,Match,JH
Eben,2,10,2,absent,L,L,Match,JH
Eben,2,10,3,absent,L,L,Match,JH
Eben,2,10,4,present,L,L,Match,JH
Eben,2,10,5,back_turned,L,L,Match,JH
Eben,2,10,6,looking_away,R,R,Match,JH
Eben,2,10,7,present,L,L,Match,JH
Eben,2,10,8,absent,R,R,Match,JH
Eben,2,10,9,absent,R,R,Match,JH
Eben,2,10,10,back_turned,R,R,Match,JH
Eben,2,10,11,looking_away,L,L,Match,JH
Eben,2,10,12,looking_away,L,L,Match,JH
Eben,2,10,13,back_turned,L,L,Match,JH
Eben,2,10,14,back_turned,R,R,Match,JH
Eben,2,10,15,absent,R,R,Match,JH
Eben,2,10,16,absent,L,L,Match,JH
Eben,2,10,17,looking_away,R,R,Match,JH
Eben,2,10,18,present,R,R,Match,JH
Eben,2,10,19,back_turned,L,L,Match,JH
Eben,2,10,20,looking_away,L,L,Match,JH
Eben,2,10,21,back_turned,L,L,Match,JH
Eben,2,10,22,present,L,L,Match,JH
Eben,2,10,23,looking_away,R,R,Match,JH
Eben,2,10,24,present,R,R,Match,JH
Finley,2,11,1,absent,L,L,Match,JH
Finley,2,11,2,back_turned,R,R,Match,JH
Finley,2,11,3,back_turned,L,L,Match,JH
Finley,2,11,4,looking_away,L,L,Match,JH
Finley,2,11,5,back_turned,R,R,Match,JH
Finley,2,11,6,present,L,L,Match,JH
Finley,2,11,7,absent,R,R,Match,JH
Finley,2,11,8,absent,L,L,Match,JH
Finley,2,11,9,present,L,L,Match,JH
Finley,2,11,10,back_turned,L,L,Match,JH
Finley,2,11,11,looking_away,L,L,Match,JH
Finley,2,11,12,present,L,L,Match,JH
Finley,2,11,13,looking_away,L,L,Match,JH
Finley,2,11,14,present,L,L,Match,JH
Finley,2,11,15,absent,L,L,Match,JH
Finley,2,11,16,back_turned,L,L,Match,JH
Finley,2,11,17,absent,L,L,Match,JH
Finley,2,11,18,present,L,L,Match,JH
Finley,2,11,19,looking_away,R,R,Match,JH
Finley,2,11,20,present,R,R,Match,JH
Finley,2,11,21,back_turned,L,L,Match,JH
Finley,2,11,22,looking_away,L,L,Match,JH
Finley,2,11,23,looking_away,L,L,Match,JH
Finley,2,11,24,absent,R,R,Match,JH
Ivy6,2,11,1,absent,L,L,Match,JH
Ivy6,2,11,2,back_turned,L,L,Match,JH
Ivy6,2,11,3,back_turned,R,R,Match,JH
Ivy6,2,11,4,looking_away,L,L,Match,JH
Ivy6,2,11,5,back_turned,L,L,Match,JH
Ivy6,2,11,6,present,L,L,Match,JH
Ivy6,2,11,7,absent,R,R,Match,JH
Ivy6,2,11,8,absent,L,L,Match,JH
Ivy6,2,11,9,present,L,L,Match,JH
Ivy6,2,11,10,back_turned,L,L,Match,JH
Ivy6,2,11,11,looking_away,L,L,Match,JH
Ivy6,2,11,12,present,R,R,Match,JH
Ivy6,2,11,13,looking_away,L,L,Match,JH
Ivy6,2,11,14,present,L,L,Match,JH
Ivy6,2,11,15,absent,L,L,Match,JH
Ivy6,2,11,16,back_turned,L,L,Match,JH
Ivy6,2,11,17,absent,L,L,Match,JH
Ivy6,2,11,18,present,L,L,Match,JH
Ivy6,2,11,19,looking_away,R,R,Match,JH
Ivy6,2,11,20,present,L,L,Match,JH
Ivy6,2,11,21,back_turned,L,L,Match,JH
Ivy6,2,11,22,looking_away,L,L,Match,JH
Ivy6,2,11,23,looking_away,L,L,Match,JH
Ivy6,2,11,24,absent,R,R,Match,JH
Louie3,2,12,1,back_turned,R,R,Match,JH
Louie3,2,12,2,present,R,R,Match,JH
Louie3,2,12,3,present,L,L,Match,JH
Louie3,2,12,4,absent,L,L,Match,JH
Louie3,2,12,5,present,R,R,Match,JH
Louie3,2,12,6,back_turned,R,R,Match,JH
Louie3,2,12,7,absent,L,L,Match,JH
Louie3,2,12,8,looking_away,R,R,Match,JH
Louie3,2,12,9,back_turned,L,L,Match,JH
Louie3,2,12,10,present,R,R,Match,JH
Louie3,2,12,11,absent,R,R,Match,JH
Louie3,2,12,12,looking_away,L,L,Match,JH
Louie3,2,12,13,present,R,R,Match,JH
Louie3,2,12,14,looking_away,L,L,Match,JH
Louie3,2,12,15,absent,R,R,Match,JH
Louie3,2,12,16,absent,R,R,Match,JH
Louie3,2,12,17,looking_away,L,L,Match,JH
Louie3,2,12,18,absent,L,L,Match,JH
Louie3,2,12,19,back_turned,R,R,Match,JH
Louie3,2,12,20,back_turned,L,L,Match,JH
Louie3,2,12,21,looking_away,R,R,Match,JH
Louie3,2,12,22,back_turned,R,R,Match,JH
Louie3,2,12,23,looking_away,R,R,Match,JH
Louie3,2,12,24,present,R,R,Match,JH
Cindy8,2,12,1,back_turned,L,L,Match,JH
Cindy8,2,12,2,present,L,L,Match,JH
Cindy8,2,12,3,present,L,L,Match,JH
Cindy8,2,12,4,absent,R,R,Match,JH
Cindy8,2,12,5,present,L,L,Match,JH
Cindy8,2,12,6,back_turned,L,L,Match,JH
Cindy8,2,12,7,absent,R,R,Match,JH
Cindy8,2,12,8,looking_away,L,L,Match,JH
Cindy8,2,12,9,back_turned,L,L,Match,JH
Cindy8,2,12,10,present,L,L,Match,JH
Cindy8,2,12,11,absent,R,R,Match,JH
Cindy8,2,12,12,looking_away,L,R,No Match,JH
Cindy8,2,12,13,present,L,L,Match,JH
Cindy8,2,12,14,looking_away,L,L,Match,JH
Cindy8,2,12,15,absent,L,L,Match,JH
Cindy8,2,12,16,absent,L,L,Match,JH
Cindy8,2,12,17,looking_away,L,L,Match,JH
Cindy8,2,12,18,absent,R,R,Match,JH
Cindy8,2,12,19,back_turned,R,R,Match,JH
Cindy8,2,12,20,back_turned,L,L,Match,JH
Cindy8,2,12,21,looking_away,L,L,Match,JH
Cindy8,2,12,22,back_turned,L,L,Match,JH
Cindy8,2,12,23,looking_away,R,R,Match,JH
Cindy8,2,12,24,present,R,R,Match,JH
Hugo4,2,13,1,looking_away,R,R,Match,JH
Hugo4,2,13,2,present,R,R,Match,JH
Hugo4,2,13,3,back_turned,L,L,Match,JH
Hugo4,2,13,4,back_turned,R,R,Match,JH
Hugo4,2,13,5,present,L,L,Match,JH
Hugo4,2,13,6,looking_away,R,R,Match,JH
Hugo4,2,13,7,absent,R,R,Match,JH
Hugo4,2,13,8,looking_away,L,L,Match,JH
Hugo4,2,13,9,looking_away,R,R,Match,JH
Hugo4,2,13,10,present,R,R,Match,JH
Hugo4,2,13,11,present,L,L,Match,JH
Hugo4,2,13,12,absent,L,L,Match,JH
Hugo4,2,13,13,back_turned,L,L,Match,JH
Hugo4,2,13,14,looking_away,L,L,Match,JH
Hugo4,2,13,15,absent,L,L,Match,JH
Hugo4,2,13,16,back_turned,L,L,Match,JH
Hugo4,2,13,17,looking_away,L,L,Match,JH
Hugo4,2,13,18,present,L,L,Match,JH
Hugo4,2,13,19,back_turned,L,L,Match,JH
Hugo4,2,13,20,back_turned,L,L,Match,JH
Hugo4,2,13,21,absent,R,R,Match,JH
Hugo4,2,13,22,absent,L,L,Match,JH
Hugo4,2,13,23,present,L,L,Match,JH
Hugo4,2,13,24,absent,L,L,Match,JH
Devin,2,13,1,looking_away,R,L,No Match,JH
Devin,2,13,2,present,R,R,Match,JH
Devin,2,13,3,back_turned,R,R,Match,JH
Devin,2,13,4,back_turned,R,R,Match,JH
Devin,2,13,5,present,R,R,Match,JH
Devin,2,13,6,looking_away,L,L,Match,JH
Devin,2,13,7,absent,R,R,Match,JH
Devin,2,13,8,looking_away,R,R,Match,JH
Devin,2,13,9,looking_away,R,R,Match,JH
Devin,2,13,10,present,R,R,Match,JH
Devin,2,13,11,present,R,R,Match,JH
Devin,2,13,12,absent,R,R,Match,JH
Devin,2,13,13,back_turned,R,R,Match,JH
Devin,2,13,14,looking_away,R,R,Match,JH
Devin,2,13,15,absent,R,R,Match,JH
Devin,2,13,16,back_turned,R,R,Match,JH
Devin,2,13,17,looking_away,R,R,Match,JH
Devin,2,13,18,present,R,R,Match,JH
Devin,2,13,19,back_turned,R,R,Match,JH
Devin,2,13,20,back_turned,R,R,Match,JH
Devin,2,13,21,absent,R,R,Match,JH
Devin,2,13,22,absent,R,R,Match,JH
Devin,2,13,23,present,R,R,Match,JH
Devin,2,13,24,absent,R,R,Match,JH
Lou2,2,14,1,looking_away,R,R,Match,JH
Lou2,2,14,2,absent,L,L,Match,JH
Lou2,2,14,3,present,R,R,Match,JH
Lou2,2,14,4,present,R,R,Match,JH
Lou2,2,14,5,back_turned,R,R,Match,JH
Lou2,2,14,6,back_turned,R,R,Match,JH
Lou2,2,14,7,present,L,L,Match,JH
Lou2,2,14,8,present,R,R,Match,JH
Lou2,2,14,9,looking_away,R,R,Match,JH
Lou2,2,14,10,looking_away,R,R,Match,JH
Lou2,2,14,11,present,R,R,Match,JH
Lou2,2,14,12,absent,R,R,Match,JH
Lou2,2,14,13,looking_away,R,R,Match,JH
Lou2,2,14,14,absent,R,R,Match,JH
Lou2,2,14,15,present,R,R,Match,JH
Lou2,2,14,16,back_turned,R,R,Match,JH
Lou2,2,14,17,back_turned,R,R,Match,JH
Lou2,2,14,18,looking_away,R,R,Match,JH
Lou2,2,14,19,back_turned,L,L,Match,JH
Lou2,2,14,20,absent,R,R,Match,JH
Lou2,2,14,21,absent,R,R,Match,JH
Lou2,2,14,22,back_turned,L,L,Match,JH
Lou2,2,14,23,absent,R,R,Match,JH
Lou2,2,14,24,looking_away,R,R,Match,JH
Fleeti,2,15,1,present,R,R,Match,JH
Fleeti,2,15,2,absent,L,L,Match,JH
Fleeti,2,15,3,absent,R,R,Match,JH
Fleeti,2,15,4,present,L,L,Match,JH
Fleeti,2,15,5,looking_away,R,R,Match,JH
Fleeti,2,15,6,looking_away,L,L,Match,JH
Fleeti,2,15,7,back_turned,R,R,Match,JH
Fleeti,2,15,8,present,L,L,Match,JH
Fleeti,2,15,9,back_turned,R,R,Match,JH
Fleeti,2,15,10,looking_away,L,L,Match,JH
Fleeti,2,15,11,present,R,R,Match,JH
Fleeti,2,15,12,back_turned,R,R,Match,JH
Fleeti,2,15,13,present,R,R,Match,JH
Fleeti,2,15,14,looking_away,L,R,No Match,JH
Fleeti,2,15,15,back_turned,R,R,Match,JH
Fleeti,2,15,16,absent,L,L,Match,JH
Fleeti,2,15,17,present,R,R,Match,JH
Fleeti,2,15,18,absent,R,R,Match,JH
Fleeti,2,15,19,looking_away,R,R,Match,JH
Fleeti,2,15,20,absent,R,R,Match,JH
Fleeti,2,15,21,looking_away,L,L,Match,JH
Fleeti,2,15,22,back_turned,L,L,Match,JH
Fleeti,2,15,23,absent,R,R,Match,JH
Fleeti,2,15,24,back_turned,R,R,Match,JH
Pippilotta2,2,15,1,present,R,R,Match,JH
Pippilotta2,2,15,2,absent,L,L,Match,JH
Pippilotta2,2,15,3,absent,R,R,Match,JH
Pippilotta2,2,15,4,present,L,L,Match,JH
Pippilotta2,2,15,5,looking_away,R,R,Match,JH
Pippilotta2,2,15,6,looking_away,R,R,Match,JH
Pippilotta2,2,15,7,back_turned,R,R,Match,JH
Pippilotta2,2,15,8,present,R,R,Match,JH
Pippilotta2,2,15,9,back_turned,R,R,Match,JH
Pippilotta2,2,15,10,looking_away,R,R,Match,JH
Pippilotta2,2,15,11,present,R,R,Match,JH
Pippilotta2,2,15,12,back_turned,R,R,Match,JH
Pippilotta2,2,15,13,present,L,L,Match,JH
Pippilotta2,2,15,14,looking_away,L,L,Match,JH
Pippilotta2,2,15,15,back_turned,L,L,Match,JH
Pippilotta2,2,15,16,absent,R,R,Match,JH
Pippilotta2,2,15,17,present,R,R,Match,JH
Pippilotta2,2,15,18,absent,R,R,Match,JH
Pippilotta2,2,15,19,looking_away,L,L,Match,JH
Pippilotta2,2,15,20,absent,R,R,Match,JH
Pippilotta2,2,15,21,looking_away,R,R,Match,JH
Pippilotta2,2,15,22,back_turned,R,R,Match,JH
Pippilotta2,2,15,23,absent,R,R,Match,JH
Pippilotta2,2,15,24,back_turned,L,L,Match,JH
Puck2,2,17,1,back_turned,L,L,Match,JH
Puck2,2,17,2,absent,R,R,Match,JH
Puck2,2,17,3,present,R,R,Match,JH
Puck2,2,17,4,looking_away,R,R,Match,JH
Puck2,2,17,5,looking_away,R,R,Match,JH
Puck2,2,17,6,back_turned,R,R,Match,JH
Puck2,2,17,7,present,R,R,Match,JH
Puck2,2,17,8,back_turned,L,L,Match,JH
Puck2,2,17,9,looking_away,R,R,Match,JH
Puck2,2,17,10,back_turned,R,R,Match,JH
Puck2,2,17,11,back_turned,R,R,Match,JH
Puck2,2,17,12,looking_away,R,R,Match,JH
Puck2,2,17,13,looking_away,R,R,Match,JH
Puck2,2,17,14,absent,R,R,Match,JH
Puck2,2,17,15,present,R,R,Match,JH
Puck2,2,17,16,absent,R,R,Match,JH
Puck2,2,17,17,back_turned,R,R,Match,JH
Puck2,2,17,18,present,R,R,Match,JH
Puck2,2,17,19,present,R,R,Match,JH
Puck2,2,17,20,looking_away,R,R,Match,JH
Puck2,2,17,21,absent,R,R,Match,JH
Puck2,2,17,22,present,L,L,Match,JH
Puck2,2,17,23,absent,R,R,Match,JH
Puck2,2,17,24,absent,R,R,Match,JH
Riu,2,13,1,looking_away,R,R,Match,JH
Riu,2,13,2,present,R,R,Match,JH
Riu,2,13,3,back_turned,R,R,Match,JH
Riu,2,13,4,back_turned,R,R,Match,JH
Riu,2,13,5,present,L,L,Match,JH
Riu,2,13,6,looking_away,R,R,Match,JH
Riu,2,13,7,absent,R,R,Match,JH
Riu,2,13,8,looking_away,R,R,Match,JH
Riu,2,13,9,looking_away,R,R,Match,JH
Riu,2,13,10,present,R,R,Match,JH
Riu,2,13,11,present,L,L,Match,JH
Riu,2,13,12,absent,L,L,Match,JH
Riu,2,13,13,back_turned,R,R,Match,JH
Riu,2,13,14,looking_away,R,R,Match,JH
Riu,2,13,15,absent,R,R,Match,JH
Riu,2,13,16,back_turned,L,L,Match,JH
Riu,2,13,17,looking_away,L,L,Match,JH
Riu,2,13,18,present,R,R,Match,JH
Riu,2,13,19,back_turned,L,L,Match,JH
Riu,2,13,20,back_turned,R,R,Match,JH
Riu,2,13,21,absent,L,L,Match,JH
Riu,2,13,22,absent,R,R,Match,JH
Riu,2,13,23,present,L,L,Match,JH
Riu,2,13,24,absent,L,L,Match,JH
Aramis8,3,1,1,absent,L,L,Match,SAD
Aramis8,3,1,2,looking_away,L,L,Match,SAD
Aramis8,3,1,3,looking_away,R,R,Match,SAD
Aramis8,3,1,4,present,R,R,Match,SAD
Aramis8,3,1,5,present,L,L,Match,SAD
Aramis8,3,1,6,back_turned,R,R,Match,SAD
Aramis8,3,1,7,looking_away,R,R,Match,SAD
Aramis8,3,1,8,back_turned,L,L,Match,SAD
Aramis8,3,1,9,back_turned,L,L,Match,SAD
Aramis8,3,1,10,absent,L,L,Match,SAD
Aramis8,3,1,11,looking_away,L,L,Match,SAD
Aramis8,3,1,12,absent,L,L,Match,SAD
Aramis8,3,1,13,present,L,L,Match,SAD
Aramis8,3,1,14,absent,R,R,Match,SAD
Aramis8,3,1,15,back_turned,L,L,Match,SAD
Aramis8,3,1,16,present,L,L,Match,SAD
Aramis8,3,1,17,present,R,R,Match,SAD
Aramis8,3,1,18,looking_away,R,R,Match,SAD
Aramis8,3,1,19,absent,L,L,Match,SAD
Aramis8,3,1,20,present,L,L,Match,SAD
Aramis8,3,1,21,back_turned,R,R,Match,SAD
Aramis8,3,1,22,absent,L,L,Match,SAD
Aramis8,3,1,23,back_turned,L,L,Match,SAD
Aramis8,3,1,24,looking_away,L,L,Match,SAD
Alma,3,16,1,back_turned,R,R,Match,SAD
Alma,3,16,2,present,R,R,Match,SAD
Alma,3,16,3,present,R,R,Match,SAD
Alma,3,16,4,absent,R,R,Match,SAD
Alma,3,16,5,looking_away,L,L,Match,SAD
Alma,3,16,6,absent,L,L,Match,SAD
Alma,3,16,7,back_turned,R,R,Match,SAD
Alma,3,16,8,present,R,R,Match,SAD
Alma,3,16,9,back_turned,R,R,Match,SAD
Alma,3,16,10,looking_away,R,R,Match,SAD
Alma,3,16,11,present,L,L,Match,SAD
Alma,3,16,12,absent,R,R,Match,SAD
Alma,3,16,13,present,R,R,Match,SAD
Alma,3,16,14,back_turned,L,L,Match,SAD
Alma,3,16,15,back_turned,R,R,Match,SAD
Alma,3,16,16,present,R,R,Match,SAD
Alma,3,16,17,back_turned,R,R,Match,SAD
Alma,3,16,18,looking_away,R,R,Match,SAD
Alma,3,16,19,looking_away,R,R,Match,SAD
Alma,3,16,20,absent,R,R,Match,SAD
Alma,3,16,21,looking_away,R,R,Match,SAD
Alma,3,16,22,absent,R,R,Match,SAD
Alma,3,16,23,absent,R,R,Match,SAD
Alma,3,16,24,looking_away,R,R,Match,SAD
Angus,3,3,1,looking_away,L,L,Match,SAD
Angus,3,3,2,looking_away,R,R,Match,SAD
Angus,3,3,3,present,L,L,Match,SAD
Angus,3,3,4,back_turned,L,L,Match,SAD
Angus,3,3,5,absent,L,L,Match,SAD
Angus,3,3,6,present,L,L,Match,SAD
Angus,3,3,7,looking_away,L,L,Match,SAD
Angus,3,3,8,back_turned,L,L,Match,SAD
Angus,3,3,9,present,R,R,Match,SAD
Angus,3,3,10,back_turned,L,L,Match,SAD
Angus,3,3,11,back_turned,L,L,Match,SAD
Angus,3,3,12,present,L,L,Match,SAD
Angus,3,3,13,absent,L,L,Match,SAD
Angus,3,3,14,absent,L,L,Match,SAD
Angus,3,3,15,looking_away,L,L,Match,SAD
Angus,3,3,16,looking_away,L,L,Match,SAD
Angus,3,3,17,absent,R,R,Match,SAD
Angus,3,3,18,back_turned,L,L,Match,SAD
Angus,3,3,19,present,R,R,Match,SAD
Angus,3,3,20,present,L,L,Match,SAD
Angus,3,3,21,absent,L,L,Match,SAD
Angus,3,3,22,looking_away,L,L,Match,SAD
Angus,3,3,23,back_turned,L,L,Match,SAD
Angus,3,3,24,absent,L,L,Match,SAD
Arany,3,1,1,absent,L,L,Match,SAD
Arany,3,1,2,looking_away,L,L,Match,SAD
Arany,3,1,3,looking_away,L,L,Match,SAD
Arany,3,1,4,present,L,L,Match,SAD
Arany,3,1,5,present,R,R,Match,SAD
Arany,3,1,6,back_turned,L,L,Match,SAD
Arany,3,1,7,looking_away,L,L,Match,SAD
Arany,3,1,8,back_turned,L,L,Match,SAD
Arany,3,1,9,back_turned,L,L,Match,SAD
Arany,3,1,10,absent,R,R,Match,SAD
Arany,3,1,11,looking_away,L,L,Match,SAD
Arany,3,1,12,absent,L,L,Match,SAD
Arany,3,1,13,present,L,L,Match,SAD
Arany,3,1,14,absent,L,L,Match,SAD
Arany,3,1,15,back_turned,L,L,Match,SAD
Arany,3,1,16,present,L,L,Match,SAD
Arany,3,1,17,present,L,L,Match,SAD
Arany,3,1,18,looking_away,L,L,Match,SAD
Arany,3,1,19,absent,L,L,Match,SAD
Arany,3,1,20,present,R,R,Match,SAD
Arany,3,1,21,back_turned,R,R,Match,SAD
Arany,3,1,22,absent,R,R,Match,SAD
Arany,3,1,23,back_turned,L,L,Match,SAD
Arany,3,1,24,looking_away,L,L,Match,SAD
Azzuro,3,7,1,absent,R,R,Match,SAD
Azzuro,3,7,2,looking_away,R,R,Match,SAD
Azzuro,3,7,3,looking_away,R,R,Match,SAD
Azzuro,3,7,4,back_turned,R,R,Match,SAD
Azzuro,3,7,5,absent,L,L,Match,SAD
Azzuro,3,7,6,present,L,L,Match,SAD
Azzuro,3,7,7,looking_away,R,R,Match,SAD
Azzuro,3,7,8,looking_away,L,L,Match,SAD
Azzuro,3,7,9,absent,R,R,Match,SAD
Azzuro,3,7,10,absent,R,R,Match,SAD
Azzuro,3,7,11,back_turned,R,R,Match,SAD
Azzuro,3,7,12,present,R,R,Match,SAD
Azzuro,3,7,13,looking_away,R,R,Match,SAD
Azzuro,3,7,14,absent,R,R,Match,SAD
Azzuro,3,7,15,present,R,R,Match,SAD
Azzuro,3,7,16,present,R,R,Match,SAD
Azzuro,3,7,17,back_turned,R,R,Match,SAD
Azzuro,3,7,18,back_turned,R,R,Match,SAD
Azzuro,3,7,19,present,L,L,Match,SAD
Azzuro,3,7,20,back_turned,R,R,Match,SAD
Azzuro,3,7,21,present,R,R,Match,SAD
Azzuro,3,7,22,absent,L,L,Match,SAD
Azzuro,3,7,23,looking_away,L,L,Match,SAD
Azzuro,3,7,24,back_turned,R,R,Match,SAD
Baloo2,3,1,1,absent,L,L,Match,SAD
Baloo2,3,1,2,looking_away,L,L,Match,SAD
Baloo2,3,1,3,looking_away,L,L,Match,SAD
Baloo2,3,1,4,present,R,R,Match,SAD
Baloo2,3,1,5,present,L,L,Match,SAD
Baloo2,3,1,6,back_turned,L,L,Match,SAD
Baloo2,3,1,7,looking_away,L,L,Match,SAD
Baloo2,3,1,8,back_turned,L,L,Match,SAD
Baloo2,3,1,9,back_turned,L,L,Match,SAD
Baloo2,3,1,10,absent,R,R,Match,SAD
Baloo2,3,1,11,looking_away,L,L,Match,SAD
Baloo2,3,1,12,absent,L,L,Match,SAD
Baloo2,3,1,13,present,L,L,Match,SAD
Baloo2,3,1,14,absent,L,L,Match,SAD
Baloo2,3,1,15,back_turned,L,L,Match,SAD
Baloo2,3,1,16,present,L,L,Match,SAD
Baloo2,3,1,17,present,R,R,Match,SAD
Baloo2,3,1,18,looking_away,L,L,Match,SAD
Baloo2,3,1,19,absent,L,L,Match,SAD
Baloo2,3,1,20,present,L,L,Match,SAD
Baloo2,3,1,21,back_turned,L,L,Match,SAD
Baloo2,3,1,22,absent,L,L,Match,SAD
Baloo2,3,1,23,back_turned,L,L,Match,SAD
Baloo2,3,1,24,looking_away,L,L,Match,SAD
Berry3,3,4,1,back_turned,R,R,Match,SAD
Berry3,3,4,2,back_turned,R,R,Match,SAD
Berry3,3,4,3,absent,R,R,Match,SAD
Berry3,3,4,4,absent,R,R,Match,SAD
Berry3,3,4,5,present,R,R,Match,SAD
Berry3,3,4,6,present,L,L,Match,SAD
Berry3,3,4,7,looking_away,R,R,Match,SAD
Berry3,3,4,8,back_turned,R,R,Match,SAD
Berry3,3,4,9,present,R,R,Match,SAD
Berry3,3,4,10,present,R,R,Match,SAD
Berry3,3,4,11,absent,R,R,Match,SAD
Berry3,3,4,12,looking_away,R,R,Match,SAD
Berry3,3,4,13,absent,R,R,Match,SAD
Berry3,3,4,14,present,L,L,Match,SAD
Berry3,3,4,15,looking_away,R,R,Match,SAD
Berry3,3,4,16,looking_away,R,R,Match,SAD
Berry3,3,4,17,absent,R,R,Match,SAD
Berry3,3,4,18,back_turned,R,R,Match,SAD
Berry3,3,4,19,absent,R,R,Match,SAD
Berry3,3,4,20,looking_away,R,R,Match,SAD
Berry3,3,4,21,looking_away,R,R,Match,SAD
Berry3,3,4,22,present,R,R,Match,SAD
Berry3,3,4,23,back_turned,R,R,Match,SAD
Berry3,3,4,24,back_turned,R,R,Match,SAD
Bonny6,3,8,1,present,L,L,Match,SAD
Bonny6,3,8,2,absent,R,R,Match,SAD
Bonny6,3,8,3,back_turned,R,R,Match,SAD
Bonny6,3,8,4,looking_away,R,R,Match,SAD
Bonny6,3,8,5,back_turned,R,R,Match,SAD
Bonny6,3,8,6,absent,R,R,Match,SAD
Bonny6,3,8,7,back_turned,R,R,Match,SAD
Bonny6,3,8,8,looking_away,R,R,Match,SAD
Bonny6,3,8,9,looking_away,R,R,Match,SAD
Bonny6,3,8,10,back_turned,L,L,Match,SAD
Bonny6,3,8,11,absent,L,L,Match,SAD
Bonny6,3,8,12,present,R,R,Match,SAD
Bonny6,3,8,13,looking_away,L,L,Match,SAD
Bonny6,3,8,14,back_turned,L,L,Match,SAD
Bonny6,3,8,15,looking_away,L,L,Match,SAD
Bonny6,3,8,16,absent,R,R,Match,SAD
Bonny6,3,8,17,present,L,L,Match,SAD
Bonny6,3,8,18,looking_away,R,R,Match,SAD
Bonny6,3,8,19,absent,R,R,Match,SAD
Bonny6,3,8,20,back_turned,L,L,Match,SAD
Bonny6,3,8,21,present,L,L,Match,SAD
Bonny6,3,8,22,present,R,R,Match,SAD
Bonny6,3,8,23,absent,R,R,Match,SAD
Bonny6,3,8,24,present,R,R,Match,SAD
Brexit,3,2,1,absent,L,L,Match,SAD
Brexit,3,2,2,present,L,L,Match,SAD
Brexit,3,2,3,looking_away,R,R,Match,SAD
Brexit,3,2,4,absent,L,L,Match,SAD
Brexit,3,2,5,looking_away,L,L,Match,SAD
Brexit,3,2,6,back_turned,L,L,Match,SAD
Brexit,3,2,7,absent,L,L,Match,SAD
Brexit,3,2,8,back_turned,L,L,Match,SAD
Brexit,3,2,9,looking_away,L,L,Match,SAD
Brexit,3,2,10,absent,L,L,Match,SAD
Brexit,3,2,11,back_turned,L,L,Match,SAD
Brexit,3,2,12,looking_away,L,L,Match,SAD
Brexit,3,2,13,back_turned,L,L,Match,SAD
Brexit,3,2,14,looking_away,R,R,Match,SAD
Brexit,3,2,15,looking_away,L,L,Match,SAD
Brexit,3,2,16,present,L,L,Match,SAD
Brexit,3,2,17,back_turned,L,L,Match,SAD
Brexit,3,2,18,present,R,R,Match,SAD
Brexit,3,2,19,present,L,L,Match,SAD
Brexit,3,2,20,absent,L,L,Match,SAD
Brexit,3,2,21,present,L,L,Match,SAD
Brexit,3,2,22,present,R,R,Match,SAD
Brexit,3,2,23,back_turned,L,L,Match,SAD
Brexit,3,2,24,absent,R,R,Match,SAD
Chilli6,3,17,1,back_turned,L,L,Match,SAD
Chilli6,3,17,2,absent,R,R,Match,SAD
Chilli6,3,17,3,present,R,R,Match,SAD
Chilli6,3,17,4,looking_away,R,R,Match,SAD
Chilli6,3,17,5,looking_away,L,L,Match,SAD
Chilli6,3,17,6,back_turned,R,R,Match,SAD
Chilli6,3,17,7,present,L,L,Match,SAD
Chilli6,3,17,8,back_turned,R,R,Match,SAD
Chilli6,3,17,9,looking_away,R,R,Match,SAD
Chilli6,3,17,10,back_turned,R,R,Match,SAD
Chilli6,3,17,11,back_turned,R,R,Match,SAD
Chilli6,3,17,12,looking_away,R,R,Match,SAD
Chilli6,3,17,13,looking_away,R,R,Match,SAD
Chilli6,3,17,14,absent,R,R,Match,SAD
Chilli6,3,17,15,present,L,L,Match,SAD
Chilli6,3,17,16,absent,R,R,Match,SAD
Chilli6,3,17,17,back_turned,R,R,Match,SAD
Chilli6,3,17,18,present,R,R,Match,SAD
Chilli6,3,17,19,present,R,R,Match,SAD
Chilli6,3,17,20,looking_away,R,R,Match,SAD
Chilli6,3,17,21,absent,L,L,Match,SAD
Chilli6,3,17,22,present,R,R,Match,SAD
Chilli6,3,17,23,absent,R,R,Match,SAD
Chilli6,3,17,24,absent,R,R,Match,SAD
Cora2,3,6,1,looking_away,L,L,Match,SAD
Cora2,3,6,2,back_turned,R,R,Match,SAD
Cora2,3,6,3,back_turned,R,R,Match,SAD
Cora2,3,6,4,looking_away,L,L,Match,SAD
Cora2,3,6,5,absent,L,L,Match,SAD
Cora2,3,6,6,absent,L,L,Match,SAD
Cora2,3,6,7,back_turned,L,L,Match,SAD
Cora2,3,6,8,absent,R,R,Match,SAD
Cora2,3,6,9,present,R,R,Match,SAD
Cora2,3,6,10,absent,R,R,Match,SAD
Cora2,3,6,11,back_turned,R,R,Match,SAD
Cora2,3,6,12,back_turned,L,L,Match,SAD
Cora2,3,6,13,absent,L,L,Match,SAD
Cora2,3,6,14,present,L,L,Match,SAD
Cora2,3,6,15,back_turned,L,L,Match,SAD
Cora2,3,6,16,looking_away,L,L,Match,SAD
Cora2,3,6,17,present,L,L,Match,SAD
Cora2,3,6,18,absent,R,R,Match,SAD
Cora2,3,6,19,present,L,L,Match,SAD
Cora2,3,6,20,looking_away,L,L,Match,SAD
Cora2,3,6,21,present,L,L,Match,SAD
Cora2,3,6,22,looking_away,L,L,Match,SAD
Cora2,3,6,23,present,L,L,Match,SAD
Cora2,3,6,24,looking_away,L,L,Match,SAD
Curly2,3,4,1,back_turned,L,L,Match,SAD
Curly2,3,4,2,back_turned,L,L,Match,SAD
Curly2,3,4,3,absent,L,L,Match,SAD
Curly2,3,4,4,absent,L,L,Match,SAD
Curly2,3,4,5,present,L,L,Match,SAD
Curly2,3,4,6,present,L,L,Match,SAD
Curly2,3,4,7,looking_away,L,L,Match,SAD
Curly2,3,4,8,back_turned,L,L,Match,SAD
Curly2,3,4,9,present,L,L,Match,SAD
Curly2,3,4,10,present,L,L,Match,SAD
Curly2,3,4,11,absent,L,L,Match,SAD
Curly2,3,4,12,looking_away,L,L,Match,SAD
Curly2,3,4,13,absent,R,R,Match,SAD
Curly2,3,4,14,present,L,L,Match,SAD
Curly2,3,4,15,looking_away,L,L,Match,SAD
Curly2,3,4,16,looking_away,L,L,Match,SAD
Curly2,3,4,17,absent,L,L,Match,SAD
Curly2,3,4,18,back_turned,L,L,Match,SAD
Curly2,3,4,19,absent,L,L,Match,SAD
Curly2,3,4,20,looking_away,L,L,Match,SAD
Curly2,3,4,21,looking_away,L,L,Match,SAD
Curly2,3,4,22,present,L,L,Match,SAD
Curly2,3,4,23,back_turned,L,L,Match,SAD
Curly2,3,4,24,back_turned,L,L,Match,SAD
Dottie2,3,15,1,present,L,L,Match,SAD
Dottie2,3,15,2,absent,R,R,Match,SAD
Dottie2,3,15,3,absent,L,L,Match,SAD
Dottie2,3,15,4,present,L,L,Match,SAD
Dottie2,3,15,5,looking_away,R,R,Match,SAD
Dottie2,3,15,6,looking_away,L,L,Match,SAD
Dottie2,3,15,7,back_turned,L,L,Match,SAD
Dottie2,3,15,8,present,L,L,Match,SAD
Dottie2,3,15,9,back_turned,L,L,Match,SAD
Dottie2,3,15,10,looking_away,L,L,Match,SAD
Dottie2,3,15,11,present,L,L,Match,SAD
Dottie2,3,15,12,back_turned,L,L,Match,SAD
Dottie2,3,15,13,present,L,L,Match,SAD
Dottie2,3,15,14,looking_away,L,L,Match,SAD
Dottie2,3,15,15,back_turned,L,L,Match,SAD
Dottie2,3,15,16,absent,L,L,Match,SAD
Dottie2,3,15,17,present,L,L,Match,SAD
Dottie2,3,15,18,absent,L,L,Match,SAD
Dottie2,3,15,19,looking_away,L,L,Match,SAD
Dottie2,3,15,20,absent,L,L,Match,SAD
Dottie2,3,15,21,looking_away,L,L,Match,SAD
Dottie2,3,15,22,back_turned,R,R,Match,SAD
Dottie2,3,15,23,absent,L,L,Match,SAD
Dottie2,3,15,24,back_turned,L,L,Match,SAD
Dunni,3,14,1,looking_away,L,L,Match,SAD
Dunni,3,14,2,absent,R,R,Match,SAD
Dunni,3,14,3,present,R,R,Match,SAD
Dunni,3,14,4,present,R,R,Match,SAD
Dunni,3,14,5,back_turned,R,R,Match,SAD
Dunni,3,14,6,back_turned,R,R,Match,SAD
Dunni,3,14,7,present,R,R,Match,SAD
Dunni,3,14,8,present,R,R,Match,SAD
Dunni,3,14,9,looking_away,R,R,Match,SAD
Dunni,3,14,10,looking_away,L,L,Match,SAD
Dunni,3,14,11,present,L,L,Match,SAD
Dunni,3,14,12,absent,L,L,Match,SAD
Dunni,3,14,13,looking_away,L,L,Match,SAD
Dunni,3,14,14,absent,R,R,Match,SAD
Dunni,3,14,15,present,L,L,Match,SAD
Dunni,3,14,16,back_turned,L,L,Match,SAD
Dunni,3,14,17,back_turned,L,L,Match,SAD
Dunni,3,14,18,looking_away,R,R,Match,SAD
Dunni,3,14,19,back_turned,L,L,Match,SAD
Dunni,3,14,20,absent,R,R,Match,SAD
Dunni,3,14,21,absent,R,R,Match,SAD
Dunni,3,14,22,back_turned,R,R,Match,SAD
Dunni,3,14,23,absent,R,R,Match,SAD
Dunni,3,14,24,looking_away,L,L,Match,SAD
Harvey,3,11,1,absent,R,R,Match,SAD
Harvey,3,11,2,back_turned,R,R,Match,SAD
Harvey,3,11,3,back_turned,R,R,Match,SAD
Harvey,3,11,4,looking_away,R,R,Match,SAD
Harvey,3,11,5,back_turned,R,R,Match,SAD
Harvey,3,11,6,present,R,R,Match,SAD
Harvey,3,11,7,absent,R,R,Match,SAD
Harvey,3,11,8,absent,R,R,Match,SAD
Harvey,3,11,9,present,R,R,Match,SAD
Harvey,3,11,10,back_turned,R,R,Match,SAD
Harvey,3,11,11,looking_away,R,R,Match,SAD
Harvey,3,11,12,present,R,R,Match,SAD
Harvey,3,11,13,looking_away,L,L,Match,SAD
Harvey,3,11,14,present,R,R,Match,SAD
Harvey,3,11,15,absent,R,R,Match,SAD
Harvey,3,11,16,back_turned,R,R,Match,SAD
Harvey,3,11,17,absent,L,L,Match,SAD
Harvey,3,11,18,present,R,R,Match,SAD
Harvey,3,11,19,looking_away,R,R,Match,SAD
Harvey,3,11,20,present,R,R,Match,SAD
Harvey,3,11,21,back_turned,R,R,Match,SAD
Harvey,3,11,22,looking_away,L,L,Match,SAD
Harvey,3,11,23,looking_away,R,R,Match,SAD
Harvey,3,11,24,absent,R,R,Match,SAD
Lilly13,3,9,1,present,R,R,Match,SAD
Lilly13,3,9,2,back_turned,L,L,Match,SAD
Lilly13,3,9,3,absent,R,R,Match,SAD
Lilly13,3,9,4,looking_away,R,R,Match,SAD
Lilly13,3,9,5,absent,R,R,Match,SAD
Lilly13,3,9,6,looking_away,R,R,Match,SAD
Lilly13,3,9,7,present,L,L,Match,SAD
Lilly13,3,9,8,present,R,R,Match,SAD
Lilly13,3,9,9,absent,R,R,Match,SAD
Lilly13,3,9,10,looking_away,L,L,Match,SAD
Lilly13,3,9,11,absent,L,L,Match,SAD
Lilly13,3,9,12,back_turned,R,R,Match,SAD
Lilly13,3,9,13,absent,R,R,Match,SAD
Lilly13,3,9,14,back_turned,L,L,Match,SAD
Lilly13,3,9,15,present,R,R,Match,SAD
Lilly13,3,9,16,back_turned,R,R,Match,SAD
Lilly13,3,9,17,looking_away,L,L,Match,SAD
Lilly13,3,9,18,absent,R,R,Match,SAD
Lilly13,3,9,19,looking_away,R,R,Match,SAD
Lilly13,3,9,20,present,R,R,Match,SAD
Lilly13,3,9,21,back_turned,L,L,Match,SAD
Lilly13,3,9,22,looking_away,L,L,Match,SAD
Lilly13,3,9,23,present,L,L,Match,SAD
Lilly13,3,9,24,back_turned,L,L,Match,SAD
Maggie5,3,7,1,absent,L,L,Match,SAD
Maggie5,3,7,2,looking_away,L,L,Match,SAD
Maggie5,3,7,3,looking_away,R,R,Match,SAD
Maggie5,3,7,4,back_turned,L,L,Match,SAD
Maggie5,3,7,5,absent,L,L,Match,SAD
Maggie5,3,7,6,present,L,L,Match,SAD
Maggie5,3,7,7,looking_away,L,L,Match,SAD
Maggie5,3,7,8,looking_away,L,L,Match,SAD
Maggie5,3,7,9,absent,R,R,Match,SAD
Maggie5,3,7,10,absent,L,L,Match,SAD
Maggie5,3,7,11,back_turned,L,L,Match,SAD
Maggie5,3,7,12,present,L,L,Match,SAD
Maggie5,3,7,13,looking_away,L,L,Match,SAD
Maggie5,3,7,14,absent,L,L,Match,SAD
Maggie5,3,7,15,present,L,L,Match,SAD
Maggie5,3,7,16,present,L,L,Match,SAD
Maggie5,3,7,17,back_turned,L,L,Match,SAD
Maggie5,3,7,18,back_turned,R,R,Match,SAD
Maggie5,3,7,19,present,L,L,Match,SAD
Maggie5,3,7,20,back_turned,R,R,Match,SAD
Maggie5,3,7,21,present,L,L,Match,SAD
Maggie5,3,7,22,absent,L,L,Match,SAD
Maggie5,3,7,23,looking_away,L,L,Match,SAD
Maggie5,3,7,24,back_turned,L,L,Match,SAD
Magic4,3,13,1,looking_away,L,L,Match,SAD
Magic4,3,13,2,present,L,L,Match,SAD
Magic4,3,13,3,back_turned,L,L,Match,SAD
Magic4,3,13,4,back_turned,L,L,Match,SAD
Magic4,3,13,5,present,L,L,Match,SAD
Magic4,3,13,6,looking_away,R,R,Match,SAD
Magic4,3,13,7,absent,L,L,Match,SAD
Magic4,3,13,8,looking_away,L,L,Match,SAD
Magic4,3,13,9,looking_away,L,L,Match,SAD
Magic4,3,13,10,present,L,L,Match,SAD
Magic4,3,13,11,present,L,L,Match,SAD
Magic4,3,13,12,absent,L,L,Match,SAD
Magic4,3,13,13,back_turned,L,L,Match,SAD
Magic4,3,13,14,looking_away,L,L,Match,SAD
Magic4,3,13,15,absent,L,L,Match,SAD
Magic4,3,13,16,back_turned,L,L,Match,SAD
Magic4,3,13,17,looking_away,L,L,Match,SAD
Magic4,3,13,18,present,L,L,Match,SAD
Magic4,3,13,19,back_turned,L,L,Match,SAD
Magic4,3,13,20,back_turned,L,L,Match,SAD
Magic4,3,13,21,absent,L,L,Match,SAD
Magic4,3,13,22,absent,R,R,Match,SAD
Magic4,3,13,23,present,R,R,Match,SAD
Magic4,3,13,24,absent,L,L,Match,SAD
Milo8,3,8,1,present,L,L,Match,SAD
Milo8,3,8,2,absent,R,R,Match,SAD
Milo8,3,8,3,back_turned,L,L,Match,SAD
Milo8,3,8,4,looking_away,L,L,Match,SAD
Milo8,3,8,5,back_turned,L,L,Match,SAD
Milo8,3,8,6,absent,L,L,Match,SAD
Milo8,3,8,7,back_turned,L,L,Match,SAD
Milo8,3,8,8,looking_away,R,R,Match,SAD
Milo8,3,8,9,looking_away,L,L,Match,SAD
Milo8,3,8,10,back_turned,L,L,Match,SAD
Milo8,3,8,11,absent,L,L,Match,SAD
Milo8,3,8,12,present,R,R,Match,SAD
Milo8,3,8,13,looking_away,L,L,Match,SAD
Milo8,3,8,14,back_turned,L,L,Match,SAD
Milo8,3,8,15,looking_away,R,R,Match,SAD
Milo8,3,8,16,absent,L,L,Match,SAD
Milo8,3,8,17,present,L,L,Match,SAD
Milo8,3,8,18,looking_away,R,R,Match,SAD
Milo8,3,8,19,absent,L,L,Match,SAD
Milo8,3,8,20,back_turned,L,L,Match,SAD
Milo8,3,8,21,present,L,L,Match,SAD
Milo8,3,8,22,present,L,L,Match,SAD
Milo8,3,8,23,absent,L,L,Match,SAD
Milo8,3,8,24,present,R,R,Match,SAD
Nero3,3,7,1,absent,L,L,Match,SAD
Nero3,3,7,2,looking_away,L,L,Match,SAD
Nero3,3,7,3,looking_away,L,L,Match,SAD
Nero3,3,7,4,back_turned,R,R,Match,SAD
Nero3,3,7,5,absent,L,L,Match,SAD
Nero3,3,7,6,present,L,L,Match,SAD
Nero3,3,7,7,looking_away,L,L,Match,SAD
Nero3,3,7,8,looking_away,L,L,Match,SAD
Nero3,3,7,9,absent,R,R,Match,SAD
Nero3,3,7,10,absent,R,R,Match,SAD
Nero3,3,7,11,back_turned,L,L,Match,SAD
Nero3,3,7,12,present,L,L,Match,SAD
Nero3,3,7,13,looking_away,L,L,Match,SAD
Nero3,3,7,14,absent,L,L,Match,SAD
Nero3,3,7,15,present,L,L,Match,SAD
Nero3,3,7,16,present,L,L,Match,SAD
Nero3,3,7,17,back_turned,L,L,Match,SAD
Nero3,3,7,18,back_turned,R,R,Match,SAD
Nero3,3,7,19,present,L,L,Match,SAD
Nero3,3,7,20,back_turned,L,L,Match,SAD
Nero3,3,7,21,present,L,L,Match,SAD
Nero3,3,7,22,absent,L,L,Match,SAD
Nero3,3,7,23,looking_away,L,L,Match,SAD
Nero3,3,7,24,back_turned,L,L,Match,SAD
Oskar5,3,10,1,present,L,L,Match,SAD
Oskar5,3,10,2,absent,L,L,Match,SAD
Oskar5,3,10,3,absent,L,L,Match,SAD
Oskar5,3,10,4,present,L,L,Match,SAD
Oskar5,3,10,5,back_turned,L,L,Match,SAD
Oskar5,3,10,6,looking_away,L,L,Match,SAD
Oskar5,3,10,7,present,R,R,Match,SAD
Oskar5,3,10,8,absent,R,R,Match,SAD
Oskar5,3,10,9,absent,L,L,Match,SAD
Oskar5,3,10,10,back_turned,R,R,Match,SAD
Oskar5,3,10,11,looking_away,L,L,Match,SAD
Oskar5,3,10,12,looking_away,L,L,Match,SAD
Oskar5,3,10,13,back_turned,R,R,Match,SAD
Oskar5,3,10,14,back_turned,R,R,Match,SAD
Oskar5,3,10,15,absent,L,L,Match,SAD
Oskar5,3,10,16,absent,L,L,Match,SAD
Oskar5,3,10,17,looking_away,L,L,Match,SAD
Oskar5,3,10,18,present,L,L,Match,SAD
Oskar5,3,10,19,back_turned,L,L,Match,SAD
Oskar5,3,10,20,looking_away,L,L,Match,SAD
Oskar5,3,10,21,back_turned,R,R,Match,SAD
Oskar5,3,10,22,present,L,L,Match,SAD
Oskar5,3,10,23,looking_away,L,L,Match,SAD
Oskar5,3,10,24,present,L,L,Match,SAD
Paddy,3,16,1,back_turned,R,R,Match,SAD
Paddy,3,16,2,present,L,L,Match,SAD
Paddy,3,16,3,present,R,R,Match,SAD
Paddy,3,16,4,absent,L,L,Match,SAD
Paddy,3,16,5,looking_away,L,L,Match,SAD
Paddy,3,16,6,absent,L,L,Match,SAD
Paddy,3,16,7,back_turned,L,L,Match,SAD
Paddy,3,16,8,present,L,L,Match,SAD
Paddy,3,16,9,back_turned,R,R,Match,SAD
Paddy,3,16,10,looking_away,L,L,Match,SAD
Paddy,3,16,11,present,L,L,Match,SAD
Paddy,3,16,12,absent,L,L,Match,SAD
Paddy,3,16,13,present,L,L,Match,SAD
Paddy,3,16,14,back_turned,R,R,Match,SAD
Paddy,3,16,15,back_turned,L,L,Match,SAD
Paddy,3,16,16,present,L,L,Match,SAD
Paddy,3,16,17,back_turned,L,L,Match,SAD
Paddy,3,16,18,looking_away,L,L,Match,SAD
Paddy,3,16,19,looking_away,L,L,Match,SAD
Paddy,3,16,20,absent,L,L,Match,SAD
Paddy,3,16,21,looking_away,L,L,Match,SAD
Paddy,3,16,22,absent,R,R,Match,SAD
Paddy,3,16,23,absent,L,L,Match,SAD
Paddy,3,16,24,looking_away,L,L,Match,SAD
Pauli7,3,14,1,looking_away,R,R,Match,SAD
Pauli7,3,14,2,absent,R,R,Match,SAD
Pauli7,3,14,3,present,R,R,Match,SAD
Pauli7,3,14,4,present,R,R,Match,SAD
Pauli7,3,14,5,back_turned,L,L,Match,SAD
Pauli7,3,14,6,back_turned,R,R,Match,SAD
Pauli7,3,14,7,present,R,R,Match,SAD
Pauli7,3,14,8,present,R,R,Match,SAD
Pauli7,3,14,9,looking_away,R,R,Match,SAD
Pauli7,3,14,10,looking_away,R,R,Match,SAD
Pauli7,3,14,11,present,R,R,Match,SAD
Pauli7,3,14,12,absent,L,L,Match,SAD
Pauli7,3,14,13,looking_away,L,L,Match,SAD
Pauli7,3,14,14,absent,L,L,Match,SAD
Pauli7,3,14,15,present,R,R,Match,SAD
Pauli7,3,14,16,back_turned,R,R,Match,SAD
Pauli7,3,14,17,back_turned,R,R,Match,SAD
Pauli7,3,14,18,looking_away,L,L,Match,SAD
Pauli7,3,14,19,back_turned,L,L,Match,SAD
Pauli7,3,14,20,absent,L,L,Match,SAD
Pauli7,3,14,21,absent,L,L,Match,SAD
Pauli7,3,14,22,back_turned,R,R,Match,SAD
Pauli7,3,14,23,absent,L,L,Match,SAD
Pauli7,3,14,24,looking_away,R,R,Match,SAD
Paulinchen,3,9,1,present,L,L,Match,SAD
Paulinchen,3,9,2,back_turned,R,R,Match,SAD
Paulinchen,3,9,3,absent,L,L,Match,SAD
Paulinchen,3,9,4,looking_away,L,L,Match,SAD
Paulinchen,3,9,5,absent,R,R,Match,SAD
Paulinchen,3,9,6,looking_away,L,L,Match,SAD
Paulinchen,3,9,7,present,R,R,Match,SAD
Paulinchen,3,9,8,present,L,L,Match,SAD
Paulinchen,3,9,9,absent,R,R,Match,SAD
Paulinchen,3,9,10,looking_away,R,R,Match,SAD
Paulinchen,3,9,11,absent,L,L,Match,SAD
Paulinchen,3,9,12,back_turned,L,L,Match,SAD
Paulinchen,3,9,13,absent,R,R,Match,SAD
Paulinchen,3,9,14,back_turned,L,L,Match,SAD
Paulinchen,3,9,15,present,R,R,Match,SAD
Paulinchen,3,9,16,back_turned,L,L,Match,SAD
Paulinchen,3,9,17,looking_away,L,L,Match,SAD
Paulinchen,3,9,18,absent,L,L,Match,SAD
Paulinchen,3,9,19,looking_away,R,R,Match,SAD
Paulinchen,3,9,20,present,R,R,Match,SAD
Paulinchen,3,9,21,back_turned,L,L,Match,SAD
Paulinchen,3,9,22,looking_away,R,R,Match,SAD
Paulinchen,3,9,23,present,L,L,Match,SAD
Paulinchen,3,9,24,back_turned,L,L,Match,SAD
Pinuu,3,12,1,back_turned,L,L,Match,SAD
Pinuu,3,12,2,present,L,L,Match,SAD
Pinuu,3,12,3,present,L,L,Match,SAD
Pinuu,3,12,4,absent,L,L,Match,SAD
Pinuu,3,12,5,present,R,R,Match,SAD
Pinuu,3,12,6,back_turned,L,L,Match,SAD
Pinuu,3,12,7,absent,L,L,Match,SAD
Pinuu,3,12,8,looking_away,R,R,Match,SAD
Pinuu,3,12,9,back_turned,R,R,Match,SAD
Pinuu,3,12,10,present,L,L,Match,SAD
Pinuu,3,12,11,absent,L,L,Match,SAD
Pinuu,3,12,12,looking_away,R,R,Match,SAD
Pinuu,3,12,13,present,L,L,Match,SAD
Pinuu,3,12,14,looking_away,R,R,Match,SAD
Pinuu,3,12,15,absent,L,L,Match,SAD
Pinuu,3,12,16,absent,L,L,Match,SAD
Pinuu,3,12,17,looking_away,L,L,Match,SAD
Pinuu,3,12,18,absent,R,R,Match,SAD
Pinuu,3,12,19,back_turned,L,L,Match,SAD
Pinuu,3,12,20,back_turned,L,L,Match,SAD
Pinuu,3,12,21,looking_away,L,L,Match,SAD
Pinuu,3,12,22,back_turned,R,R,Match,SAD
Pinuu,3,12,23,looking_away,R,R,Match,SAD
Pinuu,3,12,24,present,L,L,Match,SAD
Pisco,3,15,1,present,L,L,Match,SAD
Pisco,3,15,2,absent,L,L,Match,SAD
Pisco,3,15,3,absent,R,R,Match,SAD
Pisco,3,15,4,present,L,L,Match,SAD
Pisco,3,15,5,looking_away,R,R,Match,SAD
Pisco,3,15,6,looking_away,R,R,Match,SAD
Pisco,3,15,7,back_turned,R,R,Match,SAD
Pisco,3,15,8,present,R,R,Match,SAD
Pisco,3,15,9,back_turned,L,L,Match,SAD
Pisco,3,15,10,looking_away,R,R,Match,SAD
Pisco,3,15,11,present,R,R,Match,SAD
Pisco,3,15,12,back_turned,R,R,Match,SAD
Pisco,3,15,13,present,R,R,Match,SAD
Pisco,3,15,14,looking_away,L,L,Match,SAD
Pisco,3,15,15,back_turned,R,R,Match,SAD
Pisco,3,15,16,absent,L,L,Match,SAD
Pisco,3,15,17,present,L,L,Match,SAD
Pisco,3,15,18,absent,L,L,Match,SAD
Pisco,3,15,19,looking_away,L,L,Match,SAD
Pisco,3,15,20,absent,R,R,Match,SAD
Pisco,3,15,21,looking_away,R,R,Match,SAD
Pisco,3,15,22,back_turned,R,R,Match,SAD
Pisco,3,15,23,absent,R,R,Match,SAD
Pisco,3,15,24,back_turned,L,L,Match,SAD
Pixel2,3,9,1,present,L,L,Match,SAD
Pixel2,3,9,2,back_turned,L,L,Match,SAD
Pixel2,3,9,3,absent,L,L,Match,SAD
Pixel2,3,9,4,looking_away,L,L,Match,SAD
Pixel2,3,9,5,absent,R,R,Match,SAD
Pixel2,3,9,6,looking_away,L,L,Match,SAD
Pixel2,3,9,7,present,R,R,Match,SAD
Pixel2,3,9,8,present,L,L,Match,SAD
Pixel2,3,9,9,absent,L,L,Match,SAD
Pixel2,3,9,10,looking_away,R,R,Match,SAD
Pixel2,3,9,11,absent,L,L,Match,SAD
Pixel2,3,9,12,back_turned,R,R,Match,SAD
Pixel2,3,9,13,absent,L,L,Match,SAD
Pixel2,3,9,14,back_turned,L,L,Match,SAD
Pixel2,3,9,15,present,L,L,Match,SAD
Pixel2,3,9,16,back_turned,L,L,Match,SAD
Pixel2,3,9,17,looking_away,L,L,Match,SAD
Pixel2,3,9,18,absent,L,L,Match,SAD
Pixel2,3,9,19,looking_away,L,L,Match,SAD
Pixel2,3,9,20,present,L,L,Match,SAD
Pixel2,3,9,21,back_turned,L,L,Match,SAD
Pixel2,3,9,22,looking_away,L,L,Match,SAD
Pixel2,3,9,23,present,L,L,Match,SAD
Pixel2,3,9,24,back_turned,L,L,Match,SAD
Poppy4,3,8,1,present,L,L,Match,SAD
Poppy4,3,8,2,absent,L,L,Match,SAD
Poppy4,3,8,3,back_turned,L,L,Match,SAD
Poppy4,3,8,4,looking_away,L,L,Match,SAD
Poppy4,3,8,5,back_turned,L,L,Match,SAD
Poppy4,3,8,6,absent,L,L,Match,SAD
Poppy4,3,8,7,back_turned,L,L,Match,SAD
Poppy4,3,8,8,looking_away,L,L,Match,SAD
Poppy4,3,8,9,looking_away,L,L,Match,SAD
Poppy4,3,8,10,back_turned,L,L,Match,SAD
Poppy4,3,8,11,absent,R,R,Match,SAD
Poppy4,3,8,12,present,R,R,Match,SAD
Poppy4,3,8,13,looking_away,L,L,Match,SAD
Poppy4,3,8,14,back_turned,R,R,Match,SAD
Poppy4,3,8,15,looking_away,R,R,Match,SAD
Poppy4,3,8,16,absent,R,R,Match,SAD
Poppy4,3,8,17,present,L,L,Match,SAD
Poppy4,3,8,18,looking_away,R,R,Match,SAD
Poppy4,3,8,19,absent,L,L,Match,SAD
Poppy4,3,8,20,back_turned,L,L,Match,SAD
Poppy4,3,8,21,present,L,L,Match,SAD
Poppy4,3,8,22,present,L,L,Match,SAD
Poppy4,3,8,23,absent,L,L,Match,SAD
Poppy4,3,8,24,present,L,L,Match,SAD
Roka,3,15,1,present,L,L,Match,SAD
Roka,3,15,2,absent,L,L,Match,SAD
Roka,3,15,3,absent,L,L,Match,SAD
Roka,3,15,4,present,R,R,Match,SAD
Roka,3,15,5,looking_away,L,L,Match,SAD
Roka,3,15,6,looking_away,L,L,Match,SAD
Roka,3,15,7,back_turned,L,L,Match,SAD
Roka,3,15,8,present,L,L,Match,SAD
Roka,3,15,9,back_turned,R,R,Match,SAD
Roka,3,15,10,looking_away,L,L,Match,SAD
Roka,3,15,11,present,L,L,Match,SAD
Roka,3,15,12,back_turned,L,L,Match,SAD
Roka,3,15,13,present,L,L,Match,SAD
Roka,3,15,14,looking_away,L,L,Match,SAD
Roka,3,15,15,back_turned,L,L,Match,SAD
Roka,3,15,16,absent,L,L,Match,SAD
Roka,3,15,17,present,L,L,Match,SAD
Roka,3,15,18,absent,L,L,Match,SAD
Roka,3,15,19,looking_away,L,L,Match,SAD
Roka,3,15,20,absent,L,L,Match,SAD
Roka,3,15,21,looking_away,L,L,Match,SAD
Roka,3,15,22,back_turned,L,L,Match,SAD
Roka,3,15,23,absent,L,L,Match,SAD
Roka,3,15,24,back_turned,L,L,Match,SAD
Rudi2,3,7,1,absent,L,L,Match,SAD
Rudi2,3,7,2,looking_away,L,L,Match,SAD
Rudi2,3,7,3,looking_away,L,L,Match,SAD
Rudi2,3,7,4,back_turned,L,L,Match,SAD
Rudi2,3,7,5,absent,L,L,Match,SAD
Rudi2,3,7,6,present,L,L,Match,SAD
Rudi2,3,7,7,looking_away,L,L,Match,SAD
Rudi2,3,7,8,looking_away,L,L,Match,SAD
Rudi2,3,7,9,absent,R,R,Match,SAD
Rudi2,3,7,10,absent,R,R,Match,SAD
Rudi2,3,7,11,back_turned,L,L,Match,SAD
Rudi2,3,7,12,present,L,L,Match,SAD
Rudi2,3,7,13,looking_away,L,L,Match,SAD
Rudi2,3,7,14,absent,L,L,Match,SAD
Rudi2,3,7,15,present,R,R,Match,SAD
Rudi2,3,7,16,present,L,L,Match,SAD
Rudi2,3,7,17,back_turned,L,L,Match,SAD
Rudi2,3,7,18,back_turned,R,R,Match,SAD
Rudi2,3,7,19,present,L,L,Match,SAD
Rudi2,3,7,20,back_turned,R,R,Match,SAD
Rudi2,3,7,21,present,L,L,Match,SAD
Rudi2,3,7,22,absent,L,L,Match,SAD
Rudi2,3,7,23,looking_away,L,L,Match,SAD
Rudi2,3,7,24,back_turned,L,L,Match,SAD
Sammy11,3,8,1,present,R,R,Match,SAD
Sammy11,3,8,2,absent,L,L,Match,SAD
Sammy11,3,8,3,back_turned,R,R,Match,SAD
Sammy11,3,8,4,looking_away,L,L,Match,SAD
Sammy11,3,8,5,back_turned,R,R,Match,SAD
Sammy11,3,8,6,absent,L,L,Match,SAD
Sammy11,3,8,7,back_turned,L,L,Match,SAD
Sammy11,3,8,8,looking_away,L,L,Match,SAD
Sammy11,3,8,9,looking_away,L,L,Match,SAD
Sammy11,3,8,10,back_turned,L,L,Match,SAD
Sammy11,3,8,11,absent,R,R,Match,SAD
Sammy11,3,8,12,present,L,L,Match,SAD
Sammy11,3,8,13,looking_away,L,L,Match,SAD
Sammy11,3,8,14,back_turned,L,L,Match,SAD
Sammy11,3,8,15,looking_away,L,L,Match,SAD
Sammy11,3,8,16,absent,R,R,Match,SAD
Sammy11,3,8,17,present,R,R,Match,SAD
Sammy11,3,8,18,looking_away,L,L,Match,SAD
Sammy11,3,8,19,absent,L,L,Match,SAD
Sammy11,3,8,20,back_turned,R,R,Match,SAD
Sammy11,3,8,21,present,L,L,Match,SAD
Sammy11,3,8,22,present,R,R,Match,SAD
Sammy11,3,8,23,absent,L,L,Match,SAD
Sammy11,3,8,24,present,L,L,Match,SAD
Silva,3,5,1,back_turned,L,L,Match,SAD
Silva,3,5,2,looking_away,L,L,Match,SAD
Silva,3,5,3,looking_away,R,R,Match,SAD
Silva,3,5,4,back_turned,R,R,Match,SAD
Silva,3,5,5,looking_away,L,L,Match,SAD
Silva,3,5,6,absent,L,L,Match,SAD
Silva,3,5,7,present,L,L,Match,SAD
Silva,3,5,8,absent,L,L,Match,SAD
Silva,3,5,9,absent,L,L,Match,SAD
Silva,3,5,10,present,L,L,Match,SAD
Silva,3,5,11,looking_away,L,L,Match,SAD
Silva,3,5,12,back_turned,L,L,Match,SAD
Silva,3,5,13,back_turned,L,L,Match,SAD
Silva,3,5,14,present,L,L,Match,SAD
Silva,3,5,15,present,L,L,Match,SAD
Silva,3,5,16,looking_away,L,L,Match,SAD
Silva,3,5,17,absent,L,L,Match,SAD
Silva,3,5,18,back_turned,R,R,Match,SAD
Silva,3,5,19,absent,L,L,Match,SAD
Silva,3,5,20,looking_away,R,R,Match,SAD
Silva,3,5,21,absent,L,L,Match,SAD
Silva,3,5,22,back_turned,L,L,Match,SAD
Silva,3,5,23,present,L,L,Match,SAD
Silva,3,5,24,present,L,L,Match,SAD
Tamino,3,2,1,absent,R,R,Match,SAD
Tamino,3,2,2,present,R,R,Match,SAD
Tamino,3,2,3,looking_away,R,R,Match,SAD
Tamino,3,2,4,absent,L,L,Match,SAD
Tamino,3,2,5,looking_away,L,L,Match,SAD
Tamino,3,2,6,back_turned,L,L,Match,SAD
Tamino,3,2,7,absent,R,R,Match,SAD
Tamino,3,2,8,back_turned,R,R,Match,SAD
Tamino,3,2,9,looking_away,R,R,Match,SAD
Tamino,3,2,10,absent,L,L,Match,SAD
Tamino,3,2,11,back_turned,L,L,Match,SAD
Tamino,3,2,12,looking_away,L,L,Match,SAD
Tamino,3,2,13,back_turned,L,L,Match,SAD
Tamino,3,2,14,looking_away,R,R,Match,SAD
Tamino,3,2,15,looking_away,L,L,Match,SAD
Tamino,3,2,16,present,L,L,Match,SAD
Tamino,3,2,17,back_turned,L,L,Match,SAD
Tamino,3,2,18,present,R,R,Match,SAD
Tamino,3,2,19,present,R,R,Match,SAD
Tamino,3,2,20,absent,L,L,Match,SAD
Tamino,3,2,21,present,R,R,Match,SAD
Tamino,3,2,22,present,R,R,Match,SAD
Tamino,3,2,23,back_turned,R,R,Match,SAD
Tamino,3,2,24,absent,L,L,Match,SAD
